,name,income,credit_score,loan_amount,years_employed,points,loan_approved
0,Allison Hill,113810,389,39698,27,50.0,False
1,Brandon Hall,44592,729,15446,28,55.0,False
2,Rhonda Smith,33278,584,11189,13,45.0,False
3,Gabrielle Davis,127196,344,48823,29,50.0,False
4,Valerie Gray,66048,496,47174,4,25.0,False
5,Darren Roberts,62098,689,19217,29,65.0,True
6,Holly Wood,59256,373,40920,40,35.0,False
7,Nicholas Martin,48289,524,45866,20,25.0,False
8,Patty Perez,126530,367,14826,36,55.0,False
9,Emily Rios,43434,446,18359,8,20.0,False
10,Justin Baker,118696,670,15373,8,75.0,True
11,Ann Williams,127080,365,26216,24,55.0,False
12,Julie King,146939,573,43006,21,50.0,False
13,Jeffrey Chavez,101482,819,7973,40,100.0,True
14,Mark Lynch,41395,843,1037,38,80.0,True
15,Alec Hickman,107397,380,6613,31,60.0,True
16,Vanessa Patel,85302,469,18370,33,50.0,False
17,Jenny Lewis,34165,682,29711,33,50.0,False
18,David Brown,33905,525,1471,4,30.0,False
19,Amy Jones,42280,543,19250,31,25.0,False
20,Carlos Walls,58657,716,13478,6,65.0,True
21,Jeffrey Henderson,60495,400,4972,25,50.0,False
22,Rebecca Rodriguez,96237,443,28648,11,45.0,False
23,David Leblanc,108907,400,4315,34,60.0,True
24,Tracy House,33478,792,15008,25,60.0,True
25,Carmen Smith,103563,592,28722,35,65.0,True
26,Katelyn Lee,56062,362,21552,3,30.0,False
27,John Calhoun,123850,382,13178,4,45.0,False
28,Megan Young,115181,383,28474,37,55.0,False
29,Emily Green,121924,434,45019,19,50.0,False
30,Timothy Walls,101426,402,5801,34,60.0,True
31,Derek Mahoney,84987,748,36600,19,75.0,True
32,Victoria Valdez,58893,406,9800,16,45.0,False
33,Brian Tran,88878,651,14342,40,65.0,True
34,Kathy King,107236,345,1232,21,60.0,True
35,Mandy Green,66463,309,8331,4,35.0,False
36,Melissa Hernandez,136093,451,29166,8,50.0,False
37,Jacob Fitzpatrick,143940,405,24178,35,55.0,False
38,Jennifer Oliver,30851,481,28020,1,10.0,False
39,Tim Patton,129458,573,11433,6,55.0,False
40,Andrew Ruiz,135620,658,21000,14,70.0,True
41,Matthew Ross,50926,659,43040,32,50.0,False
42,William Herrera,121506,482,39049,16,50.0,False
43,Kyle Reed,85392,418,26244,36,45.0,False
44,Andrew Graham,74597,638,41839,20,50.0,False
45,Belinda Mccullough,66421,712,46692,18,60.0,True
46,Cheryl Ortega,50379,608,27612,35,50.0,False
47,Elizabeth Clark,58221,518,34500,30,35.0,False
48,Toni Fitzgerald,130072,395,16392,19,55.0,False
49,Curtis Johnson,74118,374,30846,26,35.0,False
50,Laura Higgins,43396,451,43995,0,10.0,False
51,Shannon Mcclure,42156,775,4291,35,70.0,True
52,Ryan Bryant,79797,624,30004,39,60.0,True
53,Stephanie Simmons,42676,760,17986,15,60.0,True
54,Destiny Strickland,77052,750,6077,18,90.0,True
55,George Orozco,141082,456,47295,13,50.0,False
56,Jason Daniels,75082,698,39278,1,50.0,False
57,Pamela James,109131,729,36272,34,75.0,True
58,Stephanie Freeman,64671,698,23028,25,65.0,True
59,Sara Calhoun,135791,385,43123,27,50.0,False
60,Joel Williams,35695,634,23118,24,40.0,False
61,Trevor Fisher,125647,353,23935,14,55.0,False
62,Rachael Pearson,90217,456,16633,8,45.0,False
63,Brian Gould,100284,471,40707,38,45.0,False
64,Michelle Strickland,46361,326,21444,36,25.0,False
65,Tina Sanders,79615,548,7678,19,55.0,False
66,Lindsay Martinez,40328,370,34158,21,25.0,False
67,Jason Henry,102357,456,29540,11,50.0,False
68,Tracie Nelson,68427,574,22122,15,40.0,False
69,Angelica Keith,138711,688,23046,1,65.0,True
70,Frederick Freeman MD,112397,310,34857,12,50.0,False
71,Nathan Freeman,111070,802,30371,1,75.0,True
72,Daniel Holt,146057,784,37272,33,85.0,True
73,Zachary Pierce,142945,613,17475,14,70.0,True
74,Corey Wilson,77400,795,19120,37,85.0,True
75,Kelly Campbell,105674,669,12759,19,70.0,True
76,Joseph Hill,55203,802,7723,0,70.0,True
77,Julie Alexander,122349,789,8476,4,85.0,True
78,Benjamin Soto,39116,611,6582,15,50.0,False
79,Phillip Obrien,36006,761,30014,19,60.0,True
80,Wanda Torres,116673,512,41993,13,50.0,False
81,Brad Allen,59871,781,20087,2,65.0,True
82,Michael Warner,131327,570,41963,37,50.0,False
83,Taylor Coleman,67930,572,10321,4,35.0,False
84,Ricky Larson,40458,611,46857,25,40.0,False
85,Kathryn Snyder,142108,630,40564,16,65.0,True
86,Darryl Craig,60512,341,12481,30,45.0,False
87,Jessica Ramirez,143571,393,31802,22,55.0,False
88,Frank Garcia,43238,807,19888,25,65.0,True
89,Krista Gibson,79823,713,34724,0,50.0,False
90,Kimberly Gutierrez,66434,810,41986,28,75.0,True
91,Christina Dunn,89429,424,2891,40,55.0,False
92,Cynthia Moore,113320,416,31241,7,45.0,False
93,Brittany Cantu,139328,725,32621,30,80.0,True
94,Juan Reyes,77819,724,23274,32,70.0,True
95,Aaron Barber,51319,795,23618,21,70.0,True
96,Kimberly Gibson,78520,692,16306,26,75.0,True
97,Patrick Thornton,76566,807,3426,8,90.0,True
98,Leslie Kane,57460,315,48346,9,30.0,False
99,Matthew Moore,117841,646,41845,25,65.0,True
100,Sarah Phelps,64993,336,41465,4,25.0,False
101,Michael Mitchell,121988,400,42533,6,45.0,False
102,Michael Berger,119593,667,25565,27,70.0,True
103,Joseph Knight,114939,691,41613,15,75.0,True
104,Mr. David Little MD,39358,461,5840,28,35.0,False
105,Victoria Evans,109840,609,14055,24,70.0,True
106,Ashley James,113227,322,44137,25,50.0,False
107,Keith Jennings,52431,535,40784,22,35.0,False
108,Connor King,100010,340,21246,28,55.0,False
109,Jacob Anderson,125568,479,14159,8,50.0,False
110,Sherri Diaz,62087,793,20342,21,75.0,True
111,Julie Jones,51417,706,37524,23,60.0,True
112,James Baker,90589,690,42847,23,65.0,True
113,David Johnson,79735,364,42641,29,40.0,False
114,Elizabeth Ortiz,65382,611,33284,7,45.0,False
115,Stephen Taylor,113886,729,39491,9,70.0,True
116,Mary Bass,120198,333,46238,23,50.0,False
117,Jeremy Young,103000,667,4968,25,75.0,True
118,Walter Rush,58785,321,4314,21,50.0,False
119,Cameron Cunningham,119733,521,16269,21,55.0,False
120,Rachel Carlson,72504,433,36403,16,35.0,False
121,Ashley Delacruz,140474,543,39591,20,50.0,False
122,Derek Martinez,130704,787,30378,23,90.0,True
123,Ashley Gordon,131711,608,31018,1,55.0,False
124,John Morales,37331,375,6294,20,35.0,False
125,Ana Hill,60021,601,30734,32,50.0,False
126,Annette Miles,137715,533,28119,21,55.0,False
127,Jennifer Blair,34207,683,11003,30,55.0,False
128,Ronald Davis,135518,361,39434,35,50.0,False
129,Meagan Jenkins,71347,594,40348,19,50.0,False
130,Kenneth Lewis,82581,658,37455,23,55.0,False
131,Donald Perez,65093,326,40911,17,35.0,False
132,Donald Farmer,38675,446,38114,25,25.0,False
133,Patrick Bonilla,57653,729,30730,21,60.0,True
134,Eric Nguyen,149686,383,18832,28,55.0,False
135,Karla Ramos,104341,416,23621,27,55.0,False
136,Michael Watkins,144867,356,1503,13,60.0,True
137,Daniel Taylor,124098,307,33596,27,50.0,False
138,James Padilla,71245,746,2228,29,85.0,True
139,Shannon Johnston,57869,596,8548,25,60.0,True
140,Frederick Solis,115909,390,29620,6,45.0,False
141,Kevin Warren,95435,526,22827,10,50.0,False
142,Mark Schmidt,81856,451,16484,6,45.0,False
143,Craig Morrison,145957,775,37944,37,85.0,True
144,Thomas Cunningham,149871,454,29820,4,45.0,False
145,Mark Hogan,114259,772,30616,2,75.0,True
146,Ronald Jones,90142,773,39032,35,75.0,True
147,Nancy Williams,48726,813,10886,3,65.0,True
148,Robert Monroe,64718,553,47374,28,35.0,False
149,Kelly Bishop MD,48301,353,42345,21,25.0,False
150,Brandon Gregory,62325,641,6341,37,60.0,True
151,Sydney Collins,127647,617,37629,24,65.0,True
152,Erin Anderson,103579,670,2194,23,85.0,True
153,Trevor Peterson,100644,458,6057,18,60.0,True
154,Ashley Wise,64438,685,11109,10,70.0,True
155,Michael Weber,127912,720,24874,15,80.0,True
156,Lisa Goodwin,106622,616,31737,12,65.0,True
157,Travis Joyce,86155,814,35567,26,80.0,True
158,Ruth Solis,147679,792,25327,35,90.0,True
159,Michelle Black,106484,579,30446,32,50.0,False
160,Jeffrey Potts,82350,657,2747,26,70.0,True
161,Jonathan Young,77447,401,47838,21,40.0,False
162,Brenda Mitchell,58746,780,30399,39,70.0,True
163,Bobby Scott,48131,840,28738,7,60.0,True
164,Cynthia Martinez,96784,768,5116,7,85.0,True
165,Kathryn Herrera,94686,739,1102,39,80.0,True
166,Kenneth Lopez,41915,838,36656,32,65.0,True
167,Katie Smith,129061,682,17623,1,65.0,True
168,Austin Allen,36175,436,3905,22,35.0,False
169,Robin Thompson,142866,486,9837,4,50.0,False
170,Terri Johnson,44371,342,21682,19,25.0,False
171,Virginia Daniels,50033,592,24394,3,40.0,False
172,Evelyn Martinez,112240,750,26339,21,90.0,True
173,Kathleen Jimenez,50969,380,29220,38,35.0,False
174,Catherine Carter MD,133819,756,40493,27,85.0,True
175,Jeremy West,119192,581,42908,3,55.0,False
176,Mark Cox,85333,748,3280,8,85.0,True
177,Richard Diaz,108172,457,45503,28,45.0,False
178,Jacqueline Hines,38326,621,43569,17,40.0,False
179,Brian Fitzgerald,80432,420,18155,16,50.0,False
180,Cindy Carr,80019,375,30625,11,45.0,False
181,Jill Miller,108104,597,20657,10,70.0,True
182,Tammy Little,91348,505,10101,15,50.0,False
183,Allison Spencer,99352,432,41104,5,35.0,False
184,James Love,62953,375,9213,20,45.0,False
185,Joanna Frazier,102512,486,9456,27,60.0,True
186,Sheena Guerra,142824,630,47486,14,65.0,True
187,Todd Jacobson,31504,581,9203,40,45.0,False
188,Joseph Shaw,119166,457,12219,39,55.0,False
189,Lisa Kirby,124466,346,43038,36,50.0,False
190,Daniel Armstrong,45014,596,43068,19,40.0,False
191,Dr. Michael Evans,119353,725,32735,29,75.0,True
192,Lawrence Edwards,145970,708,9569,23,85.0,True
193,Ashley Allen,100381,399,4316,18,60.0,True
194,Sharon Barnes,128419,620,13440,10,70.0,True
195,Mr. Jonathan Parker Jr.,64973,520,39230,22,35.0,False
196,Douglas Harper,130741,410,29241,8,50.0,False
197,Monica Gallagher,114012,499,24758,35,55.0,False
198,James Cole,74587,431,7336,25,50.0,False
199,William Grant,44621,821,27305,32,65.0,True
200,Andrew Reeves,68469,827,10160,20,85.0,True
201,Emily Long,86985,821,35887,31,80.0,True
202,Elizabeth Cabrera,50730,726,39253,19,60.0,True
203,Molly Watts,89470,533,48277,3,30.0,False
204,Carolyn Fuller,30425,332,38523,7,20.0,False
205,Jeremy Barnes,124646,813,41073,30,90.0,True
206,Nancy Brown,144799,632,44399,30,65.0,True
207,Emily Thompson,124329,795,13600,15,90.0,True
208,Edwin David,64522,800,21777,30,80.0,True
209,Timothy Pope,95612,688,26856,22,70.0,True
210,Regina Roberts,129871,654,29991,16,70.0,True
211,Cindy Clayton,53416,440,8158,39,45.0,False
212,Cynthia Williams,96542,402,28086,21,45.0,False
213,Ashlee Townsend,149619,716,43787,30,75.0,True
214,Curtis Maynard,43947,391,43749,36,25.0,False
215,Parker Jefferson,144100,337,27017,31,55.0,False
216,Paul Brennan,111959,605,38221,38,65.0,True
217,William Mitchell,69117,816,31672,17,75.0,True
218,Brian Martin,140319,314,49274,21,50.0,False
219,Laura Todd,113748,715,29029,32,75.0,True
220,James Davis,96540,554,1447,16,55.0,False
221,Jeremy Adams,109818,311,18141,23,55.0,False
222,Amy Wilson,56071,618,46238,7,45.0,False
223,Teresa Richardson,50032,789,11039,29,80.0,True
224,Lisa Perry,79009,553,45586,38,40.0,False
225,Angela Griffin,129943,414,5047,35,60.0,True
226,Christina Herrera,51174,752,8617,13,80.0,True
227,Katherine Nolan,100697,435,34636,26,50.0,False
228,Anthony Ford,132056,560,1197,13,60.0,True
229,Amber Cooper,99514,783,3079,18,90.0,True
230,Randy Cannon,30074,759,25739,24,60.0,True
231,Victor Baxter,108504,421,12696,34,55.0,False
232,Cameron Irwin,72487,774,45138,34,70.0,True
233,James Hall,94042,493,48515,7,35.0,False
234,Matthew Mendez,32552,334,30257,38,25.0,False
235,Shelby Sanchez,44662,522,4699,8,30.0,False
236,Donna Cabrera,77576,542,20776,9,40.0,False
237,Ms. Jennifer Hill,145175,807,4072,22,100.0,True
238,Megan Floyd,139008,452,20653,24,55.0,False
239,Joshua Allen,135745,447,31344,3,45.0,False
240,Tracy Grant,70306,508,22644,5,35.0,False
241,Sarah Davis,61385,340,5769,12,50.0,False
242,Laurie Powers,37592,640,20869,0,25.0,False
243,Colton Figueroa,61571,706,16684,35,65.0,True
244,Douglas Owens,145082,825,33589,29,95.0,True
245,William Harrison,104364,620,28127,2,55.0,False
246,Connie Thomas,40322,727,20345,9,45.0,False
247,David Hudson,41226,645,17864,31,40.0,False
248,Maria Henry,125932,473,10172,34,60.0,True
249,Thomas Weaver DDS,93699,349,1418,26,55.0,False
250,Mark Jones,136957,766,25458,3,80.0,True
251,Mary Jensen,39071,306,35879,35,25.0,False
252,Alan Bowen,129693,483,8013,6,55.0,False
253,Daisy Harvey,99822,706,6178,23,80.0,True
254,Judy Sanchez,130379,382,43843,2,40.0,False
255,James Tran,46483,384,33758,27,25.0,False
256,Erin Madden,46828,516,46369,36,25.0,False
257,Anthony Jones,116474,333,12754,20,55.0,False
258,Daniel Thomas,92296,466,37959,15,40.0,False
259,Sarah Rhodes,102063,380,33819,22,50.0,False
260,Jeffrey Roberson,51643,634,2941,40,65.0,True
261,Willie Henry,64741,742,13172,37,80.0,True
262,Angelica Montgomery,99163,574,11107,24,50.0,False
263,Madison Singh,144351,305,21202,28,55.0,False
264,Derrick Anderson,109507,824,27741,6,85.0,True
265,Hector Davis,85461,598,28119,24,60.0,True
266,Misty Hansen,57760,689,12108,8,65.0,True
267,Derrick Thomas,100686,606,32734,4,55.0,False
268,Tony Le,128994,768,8010,8,90.0,True
269,Travis Cook,125673,750,22937,27,90.0,True
270,Shannon Mccann,120422,505,32392,20,50.0,False
271,James Flores,56365,633,25645,17,50.0,False
272,Jenna Wilson,123447,484,45676,35,50.0,False
273,Nicholas Hahn,70857,370,27813,31,40.0,False
274,Eric King,82296,686,5847,28,80.0,True
275,Karen Morales DDS,118039,849,39916,40,90.0,True
276,Ashley Wright,115180,709,22731,27,80.0,True
277,Brett Walker,78944,774,45535,37,75.0,True
278,Brittany Cuevas,87422,387,8606,9,50.0,False
279,Grant Mueller,147914,748,48316,28,85.0,True
280,Eric Patrick,97839,468,49528,15,40.0,False
281,Kristen Rivera,89177,714,42271,11,65.0,True
282,Matthew Foster,45860,698,1291,13,65.0,True
283,Paul Stokes,62493,491,24972,20,40.0,False
284,Brian Lambert,59451,697,41062,25,60.0,True
285,Hannah Bruce,38392,604,41270,37,40.0,False
286,Cesar Wilson,74313,444,34477,24,35.0,False
287,Chad Reyes,32757,477,37366,10,25.0,False
288,Charles Edwards MD,107110,796,9947,12,95.0,True
289,Tracey Wagner,102603,725,47539,28,70.0,True
290,Bradley Johnson DDS,60161,850,19918,10,80.0,True
291,Krystal Barton,107128,416,18556,34,55.0,False
292,Holly Carson,58864,523,28862,6,30.0,False
293,Martha Wright,30942,749,8693,15,65.0,True
294,Oscar Norris,39305,511,14562,3,20.0,False
295,Kim Carlson,122778,599,19961,36,70.0,True
296,Scott Duke,112719,360,19174,8,50.0,False
297,Brandi Thomas,37716,801,10317,36,70.0,True
298,Lori Brooks,60007,712,34791,17,60.0,True
299,Sherry Gibson,38834,395,48902,29,25.0,False
300,Melissa Horn,148675,516,33421,17,55.0,False
301,Drew Kelley,34117,651,45731,3,30.0,False
302,Mark Copeland,142674,751,30918,0,75.0,True
303,Jessica Forbes DVM,73309,395,43899,23,35.0,False
304,Jacob Mckee,39287,612,48578,14,40.0,False
305,Brandon Davis,97391,531,35042,28,45.0,False
306,Michael Montoya,61195,372,16004,24,40.0,False
307,Robert Garcia,66500,691,9725,9,65.0,True
308,Justin Bishop,117684,518,42161,9,45.0,False
309,Lisa Ramos,93624,443,9071,37,55.0,False
310,Heather Jordan,58080,386,17263,35,40.0,False
311,Michelle Mitchell,100678,510,34931,38,50.0,False
312,Nicole Phillips,47342,806,26289,7,60.0,True
313,Alexandria Ward,124811,730,24947,34,80.0,True
314,Pamela Best,145655,568,15138,2,45.0,False
315,Tiffany Sanders,104847,725,28759,25,75.0,True
316,Joshua Jensen,105525,823,14316,9,90.0,True
317,Jeanette Walters,91953,359,17022,5,45.0,False
318,Audrey Salazar,61850,422,1830,8,45.0,False
319,Carla Benton,132841,575,49033,7,45.0,False
320,Alyssa Roman,91993,378,33515,29,45.0,False
321,Amy Villarreal,135840,405,38611,7,45.0,False
322,Jordan Williams,83354,692,10835,11,75.0,True
323,Shannon Tran,54957,726,48204,20,60.0,True
324,Blake Watson,42363,347,27275,4,15.0,False
325,Sharon Ayala,42704,767,1522,23,75.0,True
326,Justin Torres,116374,805,13807,34,95.0,True
327,Danielle Smith,86498,654,42677,0,40.0,False
328,April Sandoval,76438,543,28513,31,45.0,False
329,Valerie Thomas,85519,832,28070,23,85.0,True
330,Paul Carpenter,83883,376,39790,36,40.0,False
331,Matthew Anderson,91213,702,46922,20,65.0,True
332,Dillon Jones,143224,411,11184,6,55.0,False
333,John Russell,125561,762,21205,29,90.0,True
334,Bryan Moore,37100,520,22482,9,20.0,False
335,David Kelly,118259,331,27502,28,55.0,False
336,Krista Davis,115649,312,5041,14,60.0,True
337,Rodney Watson,114696,322,5225,12,60.0,True
338,Jill Anderson,42899,351,12009,36,30.0,False
339,Nathaniel Crawford,37944,662,15071,11,45.0,False
340,Jeremy Hernandez,82772,721,37089,30,65.0,True
341,Douglas Taylor,125448,838,17328,40,95.0,True
342,Kimberly Smith MD,74473,652,38070,32,50.0,False
343,Devin Johnson,134935,587,4839,30,75.0,True
344,Pamela Key,142941,546,18467,34,55.0,False
345,Sylvia Brown,44322,697,24252,11,50.0,False
346,Kevin Drake,62591,660,38201,36,50.0,False
347,Travis Copeland,55112,802,3487,5,85.0,True
348,Kyle Smith,54931,433,23331,11,35.0,False
349,Sarah Morris,100292,413,35491,23,50.0,False
350,Jacqueline Mcmahon,88800,609,22142,8,60.0,True
351,Morgan Kim,48373,665,15630,37,45.0,False
352,Jamie Gross,85296,700,38190,2,55.0,False
353,Evan Lamb,54050,808,10217,21,85.0,True
354,Cynthia Haas,66509,390,47462,40,35.0,False
355,Gabriela Smith,90637,658,17820,6,60.0,True
356,Amber Kim,62742,804,25819,22,75.0,True
357,Ashley Mendoza,144620,334,20327,1,40.0,False
358,Trevor Jones,39880,376,36851,5,20.0,False
359,William Barry,88082,744,11295,3,75.0,True
360,Daniel Lee,135909,543,7285,3,50.0,False
361,Joshua Henry,142898,601,44386,40,65.0,True
362,Christina Johnson,142193,383,32035,7,50.0,False
363,James Burns,102132,696,13116,23,80.0,True
364,Jaclyn Griffin,42833,531,18600,36,25.0,False
365,Paul Contreras,36630,723,39648,14,50.0,False
366,Sara Cardenas,115477,541,32212,19,50.0,False
367,Steven Klein,100855,759,12329,10,90.0,True
368,Rhonda Martinez,139579,506,42105,9,45.0,False
369,Deanna Bartlett,31934,633,19101,33,40.0,False
370,Shane Buchanan,42224,451,38132,37,25.0,False
371,Traci Garcia,128771,848,23535,26,95.0,True
372,Matthew Armstrong,141240,712,10427,39,85.0,True
373,Melissa Williams,60982,786,18601,23,75.0,True
374,Robert Turner,51798,533,9807,19,45.0,False
375,Jessica Petersen,83269,492,29948,13,45.0,False
376,Jennifer Washington,93653,462,5300,19,55.0,False
377,Jennifer Deleon,93092,359,17350,2,40.0,False
378,Thomas Bush,58016,817,27014,40,75.0,True
379,Melanie Allen,143331,785,39461,35,85.0,True
380,Christopher Kline,82565,466,38503,13,40.0,False
381,Maria Byrd,148284,320,45708,0,35.0,False
382,Carlos Thompson,37685,581,28774,24,40.0,False
383,Judy Robinson,51579,404,1481,32,50.0,False
384,Dr. Sara Hoffman DDS,79672,793,5183,21,90.0,True
385,Margaret Hensley MD,30282,546,4720,38,35.0,False
386,Francisco Taylor,81173,565,28431,25,45.0,False
387,Andrew Erickson,64760,527,45978,34,35.0,False
388,Karen Shepard,132769,485,20253,6,50.0,False
389,Patrick Hardy,132908,391,15565,22,55.0,False
390,Seth Fisher,89638,601,31393,7,55.0,False
391,Sean Silva,67388,422,45610,24,35.0,False
392,Jennifer Pitts,85444,650,27816,36,60.0,True
393,Victoria Thomas,121303,640,42355,11,65.0,True
394,Anthony Hayes,125748,462,33084,5,45.0,False
395,Jeffrey Jordan,132676,304,3472,34,60.0,True
396,Jake Smith,102845,495,2174,0,45.0,False
397,Danielle Steele,116752,692,33986,37,75.0,True
398,Austin Williams,124163,836,23140,27,95.0,True
399,Whitney Cooper,93788,468,27436,1,30.0,False
400,Nicholas Anderson,50289,675,47603,2,50.0,False
401,Martin Wise,54890,320,4161,7,45.0,False
402,James Kelley,68890,309,20733,26,40.0,False
403,Mary Nelson,58534,407,34527,39,35.0,False
404,Brian Rodriguez,37665,569,35284,12,25.0,False
405,Jason Martin,105914,638,16368,0,55.0,False
406,Brandon Rodriguez,126434,823,5918,6,95.0,True
407,Maria Bryant,101066,402,12449,2,45.0,False
408,Heather Rhodes,37989,346,1633,8,35.0,False
409,Carolyn Howard,128038,395,25420,21,55.0,False
410,James Rivers,71104,731,43522,10,60.0,True
411,Michael Brown,37492,794,38286,28,60.0,True
412,James Howard,36572,794,32989,7,55.0,False
413,Jessica Brown,106569,529,44898,21,45.0,False
414,Melissa Montgomery,92493,793,23659,24,80.0,True
415,Ronald Mcclain,95909,817,31755,31,85.0,True
416,Angela Vasquez,141767,351,34222,14,55.0,False
417,Jamie Montoya,99615,758,6768,31,90.0,True
418,Bryan Jimenez,50635,300,6956,38,45.0,False
419,Marcia Wu,37455,649,24812,3,30.0,False
420,Sarah Rivera,96562,763,8472,6,85.0,True
421,Courtney Peterson,40500,408,4000,10,40.0,False
422,Rodney Newton MD,141587,423,26748,13,55.0,False
423,Richard Love,54356,426,30524,29,35.0,False
424,Tina Taylor,38981,743,39346,30,60.0,True
425,Priscilla Kent,107992,406,26389,38,55.0,False
426,Erica Keith,38907,580,27074,21,40.0,False
427,Jodi Anderson,118501,606,46973,35,65.0,True
428,Michelle Walls,142960,597,45997,22,65.0,True
429,Brandi Page,60828,630,47553,7,45.0,False
430,Kristina Aguilar,82923,592,28681,0,45.0,False
431,Allison Thomas,45713,593,45786,16,40.0,False
432,Antonio Mueller,146691,667,30661,6,65.0,True
433,Megan Hoffman,104668,698,16571,32,80.0,True
434,Rebecca Roberts,62271,355,1849,16,50.0,False
435,Sean Dalton,105880,501,48507,12,45.0,False
436,Christopher Fleming,107924,422,25720,2,45.0,False
437,Justin Anderson,35209,458,3617,9,30.0,False
438,Linda Ayala,111183,666,5776,20,75.0,True
439,Tina Meyer,40745,713,7025,22,60.0,True
440,Daniel Rivera,84948,786,37787,0,60.0,True
441,Gregory Allen,116163,628,25993,7,65.0,True
442,Joshua Campbell,106503,756,32903,2,75.0,True
443,Matthew Flores,104085,846,1480,40,100.0,True
444,Michael Ayala,98522,850,47054,27,80.0,True
445,Teresa Burgess,71467,639,3482,5,60.0,True
446,Christopher King,64179,717,26430,28,60.0,True
447,Jessica Smith,56772,346,46933,4,25.0,False
448,Jonathan Roberts,117782,748,25996,25,90.0,True
449,Amanda Moore,123872,602,42552,9,60.0,True
450,Stephen Sanford,71180,444,9076,2,35.0,False
451,Kyle Medina,61285,516,28043,32,35.0,False
452,Clinton Jensen,64814,355,36969,29,35.0,False
453,Angel Powers,81876,798,22682,22,80.0,True
454,Matthew Garcia,47154,636,41392,19,40.0,False
455,Brittany Knight,118039,304,21526,15,55.0,False
456,Michelle Davidson,114607,639,32454,29,65.0,True
457,Raymond Tucker,69321,587,10175,34,60.0,True
458,Nicholas Sims,89929,714,39668,13,65.0,True
459,Kristen Stephens,71441,674,26722,14,65.0,True
460,Leah Vincent,128548,392,27003,23,55.0,False
461,Mary Charles,39508,756,11434,11,65.0,True
462,Krystal Brennan,31220,667,3648,14,50.0,False
463,Crystal Baker,90068,830,24674,24,85.0,True
464,Jesse Williams,111416,580,49621,16,60.0,True
465,Laura Bennett,103792,829,17487,24,95.0,True
466,Courtney Sullivan,43104,306,33888,8,20.0,False
467,David Robertson,39602,461,24738,38,25.0,False
468,Bailey Hall,100468,790,32393,13,85.0,True
469,Maria Jenkins,57938,464,9829,40,45.0,False
470,Stephanie Thomas,96307,829,27571,38,85.0,True
471,Marcia Johns,64760,759,40749,30,70.0,True
472,Carolyn Greer,47361,486,41842,32,25.0,False
473,Nathaniel Cooper,75745,535,25786,24,45.0,False
474,Alan Mills,145456,481,32186,39,55.0,False
475,Sherry Schmidt,39016,301,45470,27,25.0,False
476,Jacqueline Williams,145247,690,23971,37,80.0,True
477,Susan Hood,62018,538,6493,18,45.0,False
478,Kimberly Scott,78434,835,8722,33,90.0,True
479,Matthew Watts,67353,458,28923,37,35.0,False
480,Scott Henderson,50676,508,28081,35,35.0,False
481,Karen Wood,87433,652,47235,25,55.0,False
482,Sarah Hopkins,139280,465,7571,13,60.0,True
483,Rachel Owen,101200,393,10524,30,55.0,False
484,Bobby Johnson,122214,833,19774,38,95.0,True
485,Raymond Thompson,69651,830,19743,12,80.0,True
486,Kyle Black,110173,336,24575,15,55.0,False
487,Vanessa Miller,135788,704,27571,37,80.0,True
488,Adrian Padilla,115717,656,23772,17,70.0,True
489,Victor Gibson,99329,479,27681,32,45.0,False
490,Benjamin Phillips,31025,850,38676,16,65.0,True
491,Tracy Hart,117538,769,45668,29,85.0,True
492,Shannon Olson,137099,535,21691,26,55.0,False
493,Kelli Smith,102692,708,45151,21,70.0,True
494,Timothy Woods,69240,575,12978,12,45.0,False
495,Mr. Nicolas Salas II,116951,664,11223,6,70.0,True
496,Blake Sosa,43577,343,32607,23,25.0,False
497,Katherine Galloway,145097,586,27075,14,70.0,True
498,Bethany Fox,47601,333,33930,22,25.0,False
499,Michael Thompson,64664,308,1774,13,50.0,False
500,Brian Ward,45129,542,18655,30,25.0,False
501,Grace White,146616,673,27253,17,80.0,True
502,Kenneth Krause,44029,576,16453,35,30.0,False
503,James Thomas,127310,480,28624,31,55.0,False
504,Steven Mccoy,102512,556,37840,36,50.0,False
505,Brett Martin,50374,398,30481,21,35.0,False
506,Isaac Grant,65697,424,24009,38,40.0,False
507,Kenneth Banks,66930,632,45118,32,50.0,False
508,Dr. Steve James,109276,471,42981,21,50.0,False
509,Logan Sullivan,57607,621,21766,18,55.0,False
510,Lisa Foster,124058,833,30510,26,95.0,True
511,Scott Martinez,74942,381,14800,10,45.0,False
512,Brendan Zuniga,56685,706,35339,5,55.0,False
513,Luke Miller,120111,590,30042,40,65.0,True
514,Joseph Jackson,113130,787,31617,34,85.0,True
515,Kimberly Taylor,141792,745,35305,40,90.0,True
516,Emily Reed,64600,615,24971,26,55.0,False
517,Eric Smith,96244,847,1545,31,95.0,True
518,Karen Smith,94032,307,36927,23,45.0,False
519,Stephen Kim,62914,699,25796,14,60.0,True
520,Jay Allen,148664,575,28060,12,55.0,False
521,Catherine Roberts,149034,803,13306,20,100.0,True
522,Anthony Nichols,140900,428,47871,28,50.0,False
523,Crystal Hernandez,36658,619,33662,23,40.0,False
524,Rick Rivera,42097,701,5678,34,60.0,True
525,Corey Skinner,113136,554,26218,28,55.0,False
526,Zachary Gonzalez,85518,784,26501,19,80.0,True
527,Caitlin Chandler,138704,503,24620,3,45.0,False
528,Claudia Rodriguez,66265,582,39318,7,45.0,False
529,David Novak,35778,680,6864,15,60.0,True
530,Brandon Montgomery,30464,849,8038,8,65.0,True
531,Eugene Grant DDS,73719,497,2399,24,50.0,False
532,Chad Roach,131072,601,36568,31,65.0,True
533,Cody Bailey,47146,464,5513,33,35.0,False
534,Edward Baker,113507,688,49080,11,70.0,True
535,Lisa Diaz,64335,696,13443,33,70.0,True
536,Pamela Moore,51178,413,7308,33,45.0,False
537,Amanda Pace,127154,409,32809,12,50.0,False
538,Kenneth Huff,87912,562,4216,23,55.0,False
539,Mitchell Smith,102309,381,31674,40,50.0,False
540,Justin Hurley,122493,572,35669,2,40.0,False
541,Sandra Miller,86057,536,35842,24,40.0,False
542,Joseph Wright,103519,725,49896,6,65.0,True
543,Laura Craig,31267,484,37042,25,25.0,False
544,Mary Ferguson,44663,632,25361,26,40.0,False
545,Jessica Swanson,39862,684,37060,16,50.0,False
546,Jesse Moyer,145750,316,34922,8,50.0,False
547,Elizabeth Evans MD,120573,823,37459,36,90.0,True
548,Brittney Johnson,148479,675,39152,15,75.0,True
549,Robert Davis,49536,379,48420,20,25.0,False
550,Carrie Petersen,101511,690,6143,3,75.0,True
551,Felicia Hobbs,34722,532,49999,38,25.0,False
552,Madison Chen,139392,453,22419,32,55.0,False
553,Brittany Nunez,78393,816,6903,14,95.0,True
554,Richard Hernandez,106350,350,36923,25,50.0,False
555,James Hamilton,102420,502,32972,25,50.0,False
556,Christina Gilbert,49410,740,22195,36,60.0,True
557,Michael Henderson,86333,324,20976,10,50.0,False
558,Lisa Branch MD,46704,539,14086,23,30.0,False
559,Nicholas Miller,35482,594,1900,21,55.0,False
560,Ashley Cole,70404,516,14356,34,45.0,False
561,Deanna Webb,77795,318,25681,37,45.0,False
562,Kelsey Scott,147831,354,31471,0,40.0,False
563,Matthew Alvarado,134349,599,43559,24,65.0,True
564,James Bray,142814,390,13217,12,60.0,True
565,Judith House,35229,612,22860,31,40.0,False
566,Christopher Reed,147823,541,33850,17,55.0,False
567,Lori Johns,76898,455,23399,25,45.0,False
568,Anita Reyes,57535,456,28948,19,35.0,False
569,Erin Daniels,119399,507,10051,19,60.0,True
570,Stephanie Browning,62706,461,21807,4,30.0,False
571,Tiffany Wilson,117416,330,21885,26,55.0,False
572,Elizabeth Reese,43473,409,9620,11,35.0,False
573,William Jensen,76357,326,24544,5,40.0,False
574,Karen Shaw,132251,488,26392,31,55.0,False
575,Christopher Perez,103385,576,28069,14,50.0,False
576,Virginia Todd,145885,801,46079,20,90.0,True
577,Stacy Patterson,144650,620,26831,39,70.0,True
578,Laura Herrera,83264,343,17103,33,50.0,False
579,Victoria Williams,111351,494,20082,28,55.0,False
580,Eric Carey,128235,355,46216,33,50.0,False
581,Julie Lucas,50257,438,26760,26,35.0,False
582,Alexander Chavez,61029,631,46332,10,50.0,False
583,Becky Wilson,143325,836,47352,24,90.0,True
584,Vanessa Salazar,51299,344,12199,21,45.0,False
585,Mary Hernandez,134842,352,28497,19,55.0,False
586,Randy Griffin,136269,507,1231,39,60.0,True
587,Alexandria Jimenez,53206,805,16589,13,80.0,True
588,Karen Ortiz,145528,584,41616,40,65.0,True
589,Samantha Williams,84040,337,10527,2,40.0,False
590,Sara Evans,33248,465,45046,18,25.0,False
591,Melissa Larson,53509,668,3348,5,60.0,True
592,Erica Merritt,126542,366,20191,30,55.0,False
593,Michael Hill,73540,359,8163,36,45.0,False
594,Lori Benitez,132548,737,40901,20,75.0,True
595,Kenneth Hanson,83964,832,48787,40,80.0,True
596,Dr. Stephen Hall IV,135150,776,41990,7,80.0,True
597,Christine Gilbert,117806,658,37727,40,65.0,True
598,Martin Vaughn,143254,607,34206,35,70.0,True
599,Aaron Jennings,126345,329,12510,12,60.0,True
600,George Chambers,136266,793,11183,40,95.0,True
601,Sean Huang,62527,357,35149,19,35.0,False
602,Megan Peters,64970,662,5339,9,60.0,True
603,Andre Terrell,50866,491,40006,7,30.0,False
604,Nicole Thornton,133202,723,6688,31,85.0,True
605,Jacqueline Gallegos,121917,479,8355,23,60.0,True
606,Paula Gentry,44168,812,11097,12,70.0,True
607,John Russo,80140,400,34826,8,35.0,False
608,Andrew Hughes,144316,389,22842,29,55.0,False
609,Ashley Miranda,35075,514,22029,12,25.0,False
610,Donald Flores,142537,452,11321,17,60.0,True
611,Tyler Castro,91694,626,18763,9,60.0,True
612,Regina Andrews,59154,646,36427,28,50.0,False
613,Allen Berger,56158,736,26684,11,60.0,True
614,Stephanie Soto,137031,640,13985,34,70.0,True
615,Thomas Duran,90332,779,7374,29,90.0,True
616,Matthew Miranda,75830,447,41431,16,40.0,False
617,Jenna Lyons,70001,764,32949,1,55.0,False
618,Brian Mendoza,137549,430,34288,6,50.0,False
619,Miguel Rodriguez,134247,710,39701,26,75.0,True
620,David Moore,144206,513,46485,37,50.0,False
621,William Bradley,59831,477,44424,4,25.0,False
622,Michelle Copeland,59219,399,30177,11,35.0,False
623,Jared George,33101,392,15261,8,20.0,False
624,Stephanie Fields,116511,763,35816,18,85.0,True
625,Kenneth Gonzalez,55313,745,48041,22,70.0,True
626,Lauren Carr DDS,82227,678,36971,3,55.0,False
627,Justin Irwin,73025,540,29292,37,35.0,False
628,Evan Reyes,66517,477,32121,8,30.0,False
629,James Middleton,143292,437,1760,4,50.0,False
630,Brianna Dyer,39099,386,9992,26,30.0,False
631,Stephanie Dominguez,131361,821,28795,35,95.0,True
632,Janice Perez,66585,810,48901,15,75.0,True
633,Debra House,76025,794,47195,23,75.0,True
634,John Vaughn,114080,586,31470,33,65.0,True
635,Steve Davis,96768,619,41176,3,45.0,False
636,Kimberly Smith,82386,639,28591,22,60.0,True
637,Thomas Curry,119065,473,38542,3,40.0,False
638,Dorothy Mclaughlin,140580,817,6037,17,100.0,True
639,Luis Hill,100282,478,39782,9,45.0,False
640,Jacqueline Thompson,73404,840,3168,21,90.0,True
641,Dr. Linda Underwood,33617,692,16594,28,50.0,False
642,Carol Lane,45118,418,4442,10,40.0,False
643,John Alvarez,144955,699,32102,16,80.0,True
644,Seth Smith,64237,842,45752,2,65.0,True
645,Joseph Gomez,53405,643,18716,17,55.0,False
646,Dawn Silva,106099,499,35075,21,50.0,False
647,Wendy Edwards,64795,312,27951,6,30.0,False
648,Melissa Bell,35014,324,41592,5,20.0,False
649,Kristopher Shannon,44208,422,6661,38,35.0,False
650,Matthew Yoder,108193,559,20304,29,55.0,False
651,Angela Chavez,86959,563,11614,4,40.0,False
652,Antonio Price,75309,482,29873,4,35.0,False
653,Timothy Bishop Jr.,125491,741,15312,39,90.0,True
654,Susan Baldwin,133078,556,30221,1,40.0,False
655,Brittany Bowman,71114,637,26646,36,55.0,False
656,Michael Wise,87199,531,1216,24,55.0,False
657,Sabrina Olson,109457,710,4617,40,85.0,True
658,Maria Diaz DVM,97033,596,43453,12,55.0,False
659,Andrew Cruz,45157,409,42328,22,25.0,False
660,Dr. Jeffrey Lopez,80488,544,33062,24,40.0,False
661,Joshua Parker,147899,337,23235,3,45.0,False
662,Nathan Sullivan,105574,835,31039,34,90.0,True
663,Kerry Buckley,54914,782,41525,2,60.0,True
664,Matthew Smith,63386,767,41057,10,70.0,True
665,Amy Roth,35817,364,14280,27,30.0,False
666,Russell Rojas,122901,440,22075,13,55.0,False
667,Leslie Rogers,87154,472,46632,23,40.0,False
668,Jessica Frost,30221,461,2024,31,40.0,False
669,Adam Howe,98146,429,14510,9,45.0,False
670,Kelly Jenkins,135710,484,48002,31,50.0,False
671,Anita Serrano,100575,541,13576,7,50.0,False
672,Dr. Lisa Huffman,120027,513,19115,3,45.0,False
673,Robert Jennings,124297,344,4540,23,60.0,True
674,Jeffrey Cook,127248,850,12526,10,100.0,True
675,Karina Wilson,126605,633,28463,12,70.0,True
676,Stephanie Hall,117900,722,14104,24,80.0,True
677,Angel Richards,55825,482,26384,23,35.0,False
678,Nathan Chen,77739,332,46364,36,40.0,False
679,Chad York,86531,525,20343,38,50.0,False
680,Robert Cisneros,39171,535,6667,26,35.0,False
681,Katherine Forbes,117062,314,48842,27,45.0,False
682,Danielle Murphy,73279,305,28379,2,30.0,False
683,John Mack,111678,400,30651,31,50.0,False
684,Justin Smith,71145,667,20384,15,55.0,False
685,Ann Castillo,116951,324,30808,29,50.0,False
686,Shelly Sullivan,141151,372,26223,21,55.0,False
687,Elizabeth Mullins,46334,643,49218,3,30.0,False
688,Susan Cox,124339,341,24958,23,55.0,False
689,Justin Jones,147970,544,36365,7,50.0,False
690,Nancy Goodwin,69363,530,22001,22,40.0,False
691,Kathy Henderson,96469,797,33863,33,80.0,True
692,Julie Patel,70538,367,13343,29,45.0,False
693,James White,117410,451,33527,9,45.0,False
694,Kelly Burton,83528,435,32057,22,45.0,False
695,Oscar Smith,72753,537,35053,21,35.0,False
696,Grant Lucas,82743,755,31015,19,80.0,True
697,Stephanie Parker,121384,595,4101,9,70.0,True
698,Jesus Jackson,68752,486,12492,9,40.0,False
699,Bruce Chaney,102667,488,14445,35,55.0,False
700,Mary Spence,46683,466,35972,19,25.0,False
701,Alexander Velazquez,55144,459,1281,34,50.0,False
702,Erin Thornton,85108,450,38043,28,40.0,False
703,Michael Wilson,117153,756,24422,5,85.0,True
704,Lee Lee,79695,584,13826,1,50.0,False
705,Samuel Rhodes,118777,625,40529,38,65.0,True
706,Amy Estrada,128059,678,26304,23,80.0,True
707,Gregory Parker,148332,520,48700,28,50.0,False
708,Jennifer Ramos,52810,734,48749,26,60.0,True
709,Kevin Miller,110676,837,22981,4,85.0,True
710,Leslie Bennett,104593,724,12461,35,80.0,True
711,Keith Melendez,69446,596,37298,31,50.0,False
712,Ronald Davenport,83225,529,2758,0,40.0,False
713,Eric Davidson,101819,727,12755,31,80.0,True
714,Maria Johnson,139278,670,39080,30,75.0,True
715,Sheena Burton,30053,682,34588,36,50.0,False
716,David Perkins,69829,438,24421,10,40.0,False
717,Isaac Fields,67606,842,42873,4,65.0,True
718,Pamela White,57549,630,21723,19,55.0,False
719,Michael Cox,86346,440,34958,18,40.0,False
720,John Peterson,132990,815,15490,12,95.0,True
721,Kristin Norris,106019,419,9600,1,45.0,False
722,Eric Cox,109516,650,12285,19,70.0,True
723,Robert Walker,115813,428,14752,8,50.0,False
724,Mrs. Pamela Rodriguez,72237,343,13868,6,40.0,False
725,Matthew Watkins,90946,344,5341,19,55.0,False
726,Nicole Patton,87905,489,44948,22,40.0,False
727,Charles Francis,87954,660,11522,32,65.0,True
728,Lisa Wagner,118555,841,15221,12,95.0,True
729,Carolyn Webster,58010,816,47383,30,75.0,True
730,Kevin Gonzales,97000,734,15042,32,75.0,True
731,Brian Rollins,92021,807,24674,18,85.0,True
732,Amanda Murphy,134036,754,15802,35,90.0,True
733,William Patterson,148119,483,1837,31,60.0,True
734,Jennifer Mills,134336,404,49590,10,50.0,False
735,William Morgan,126463,811,19252,37,95.0,True
736,Nicole Owen,52241,796,34516,17,70.0,True
737,Jesse Martinez,116356,330,7527,3,50.0,False
738,Kathleen Johnson,41114,634,11009,19,45.0,False
739,Anne Jones,67196,600,44390,31,50.0,False
740,Dennis Cooper PhD,97561,421,26141,28,45.0,False
741,James Stevens,117012,468,33209,27,50.0,False
742,Mike Freeman,112960,781,32189,35,85.0,True
743,Katie Myers,111167,661,19640,20,70.0,True
744,Kevin Anderson,73933,327,41970,21,35.0,False
745,Jeffrey Braun,42240,553,16376,19,30.0,False
746,Susan Jones,137272,320,36285,20,50.0,False
747,Matthew Henderson,128453,322,21743,24,55.0,False
748,Erica Davis,60784,644,33553,32,50.0,False
749,Mary Jackson,118184,506,33568,40,50.0,False
750,Rachel Pittman,70687,604,38586,25,50.0,False
751,Lori Rubio,59444,843,32147,27,75.0,True
752,Robert Pearson,135717,743,44480,34,85.0,True
753,Jason King,56100,484,2219,40,50.0,False
754,Shari Ray,49313,778,18559,40,65.0,True
755,Lisa Hammond,33201,834,14149,23,65.0,True
756,David Francis,36057,626,5222,40,50.0,False
757,Jason Colon,62092,541,27598,15,35.0,False
758,Corey Sanchez,92277,746,28657,2,70.0,True
759,Dominic Johnson,110120,343,48348,31,45.0,False
760,Amy Mosley,141376,716,24818,5,75.0,True
761,Ryan Cameron,130727,812,8906,33,100.0,True
762,Lauren Hampton,39545,543,40309,7,20.0,False
763,Emily Collier,89692,733,15287,9,70.0,True
764,Daniel Hill,84321,357,33136,34,45.0,False
765,Travis Stewart,146147,584,10496,23,75.0,True
766,Jacob Parker,112544,545,17579,35,55.0,False
767,Mark Haynes,105454,697,1515,25,85.0,True
768,Tabitha Turner,55485,464,29760,40,35.0,False
769,Robert Newman,124155,782,49296,26,85.0,True
770,Faith Henderson,121272,818,5349,22,100.0,True
771,Nicholas Kelley,80328,353,43033,11,40.0,False
772,Rachel Taylor,94799,621,38736,5,50.0,False
773,David Reeves,82383,720,21932,28,70.0,True
774,Nicholas Green,61979,386,28164,23,35.0,False
775,Shawn Duffy,49342,534,6831,29,35.0,False
776,Michael Jackson,115990,452,6836,23,60.0,True
777,Keith Smith,120128,806,8766,14,100.0,True
778,Cheryl Atkins,30726,691,9532,27,55.0,False
779,Lindsay Carney,147002,728,12820,26,85.0,True
780,Alyssa Cherry,128430,554,25224,37,55.0,False
781,Judith Smith,142779,707,46013,13,75.0,True
782,Michelle Fitzgerald,130931,360,4415,21,60.0,True
783,Kaitlin Gomez,146059,609,26866,23,70.0,True
784,Steven Williams,43970,804,23228,29,65.0,True
785,Evan Moreno,132029,345,9380,31,60.0,True
786,Sandy Adkins,85724,570,34880,20,40.0,False
787,Christopher Doyle,58683,750,4487,12,85.0,True
788,Michael Graham,53053,796,30999,31,70.0,True
789,Nathan Hernandez,135396,484,12029,32,60.0,True
790,Kristine Alvarado,121214,304,35472,36,50.0,False
791,Thomas Sanchez,97889,326,19630,7,45.0,False
792,Kevin Bean,90889,771,47380,30,75.0,True
793,Tyler Wheeler,36582,632,48942,36,40.0,False
794,Scott Solis,103060,372,36858,38,50.0,False
795,James Thompson,62662,466,26460,25,35.0,False
796,Paul Valdez,141193,617,45889,38,65.0,True
797,Max Collier,45906,697,32223,17,50.0,False
798,Jenny Avila,89829,736,7091,2,70.0,True
799,Valerie Rhodes,47477,837,6503,18,75.0,True
800,Bob Solis,135043,607,17295,33,70.0,True
801,Keith Arnold,90901,722,7192,29,80.0,True
802,Laura King,117500,316,8466,29,60.0,True
803,Clarence Long,99616,621,39483,29,60.0,True
804,Joanna Morton,103259,516,13129,5,50.0,False
805,Lindsey Savage,108047,704,8646,0,70.0,True
806,John Holt,71588,704,20834,5,60.0,True
807,Adrian Rodriguez,128992,514,32530,9,45.0,False
808,Jessica Garrett,146840,774,10710,30,95.0,True
809,Bruce Barrera,88008,320,30459,37,45.0,False
810,Edward Gallegos,110301,405,42314,27,50.0,False
811,Sarah Mclaughlin,136824,797,34643,37,85.0,True
812,Taylor Stein,124276,840,2246,27,100.0,True
813,Kristen Adams,146918,806,41809,22,90.0,True
814,Jeffrey Martin,96162,537,34268,14,45.0,False
815,Melinda Dorsey,85933,699,28319,23,70.0,True
816,Rebecca Richard,138864,388,44716,30,50.0,False
817,Curtis Obrien,148863,610,16382,13,70.0,True
818,Yvonne Howard,101810,478,33995,2,40.0,False
819,Gail Wilson,88446,798,17896,21,85.0,True
820,Patricia Carrillo,147598,406,47294,3,40.0,False
821,Jessica Bryant,50861,342,34246,6,30.0,False
822,Bruce Harris,127472,752,34154,31,85.0,True
823,Annette Holland,142917,506,29777,26,55.0,False
824,Adriana Davenport,92216,475,6585,17,55.0,False
825,Paul Ward,88991,842,28637,14,85.0,True
826,Jeffrey Hardin,63972,670,2950,28,75.0,True
827,Adam Drake,128536,468,29447,3,45.0,False
828,Andrew Nielsen,62406,832,20380,26,80.0,True
829,Michael Spencer,140082,652,1517,17,75.0,True
830,Lisa Thomas,113579,752,46709,22,80.0,True
831,Rachael Sullivan,66347,850,22921,24,80.0,True
832,Natalie Martinez,130376,619,35166,21,65.0,True
833,Caitlin Johnson,131931,732,34113,7,70.0,True
834,Sarah Green,98327,759,20527,36,85.0,True
835,Jody Bird,93517,443,47815,24,40.0,False
836,Samantha Ward,112149,383,7045,3,50.0,False
837,Carlos Lewis,61358,831,26872,16,75.0,True
838,Mallory Barajas,65992,466,10459,32,45.0,False
839,Michael Anderson,87654,333,49922,10,40.0,False
840,Jaclyn Crane,40155,596,3639,33,55.0,False
841,Jacob Ritter,123525,446,10315,37,60.0,True
842,Timothy Torres,67450,302,9016,35,45.0,False
843,Seth Butler,60735,686,32144,38,60.0,True
844,Charles Fields,65614,633,6853,39,60.0,True
845,Jennifer Hall,74020,753,49228,17,70.0,True
846,Sharon Mann,71904,387,13610,39,45.0,False
847,Nina Bernard,147050,319,8882,34,60.0,True
848,Albert Buchanan,100798,754,6547,34,95.0,True
849,Jennifer Williams,40561,324,35596,20,25.0,False
850,Brandon Petty,48136,561,6873,9,30.0,False
851,Jason Jackson,49769,605,26555,6,35.0,False
852,Jason Nguyen,60311,353,14274,15,45.0,False
853,Laurie Vasquez,80205,362,21862,29,45.0,False
854,Ana Johnson,120957,403,17142,35,55.0,False
855,Beth Carroll,50028,508,10330,23,45.0,False
856,Carol Sanchez,122591,762,3738,0,80.0,True
857,Tonya Oliver,58043,793,18911,38,75.0,True
858,Michael Kidd,38418,588,3980,10,50.0,False
859,Kristine Turner,84377,586,29309,13,60.0,True
860,Tina Flores,83424,579,17117,20,50.0,False
861,Joe Greene,73369,787,1280,0,70.0,True
862,Jennifer Woodard,101121,383,43539,4,35.0,False
863,Stephanie Cabrera,91069,685,40407,22,65.0,True
864,Ryan Cain,84496,755,1613,14,90.0,True
865,Olivia Becker,38161,526,16352,31,25.0,False
866,Amanda Vasquez,57110,705,8270,17,70.0,True
867,Kathleen Arnold,139168,366,9351,16,60.0,True
868,Savannah Ibarra,85069,845,41269,16,80.0,True
869,Sonya Smith,81049,630,29347,26,60.0,True
870,Michael Owens,148598,529,4077,17,60.0,True
871,Kim Stewart,130898,325,49329,14,50.0,False
872,Jessica Jones,106556,618,5118,40,75.0,True
873,Alyssa Reynolds,121163,556,17197,6,50.0,False
874,Tyler Wall,32560,374,40319,39,25.0,False
875,Brendan Griffin,142293,686,21531,4,70.0,True
876,Amy Lang,145429,367,7673,3,50.0,False
877,Elizabeth James,130348,310,30714,24,55.0,False
878,Jeffrey Oliver,105456,764,34896,21,85.0,True
879,Ashley Smith,79857,429,42770,32,40.0,False
880,Jason Hardy,92518,345,4964,8,50.0,False
881,Jeffrey Moyer,30772,449,10660,30,30.0,False
882,Grant Wood,76105,358,16557,32,50.0,False
883,Kristin Brown,69139,506,5482,21,50.0,False
884,Michael Christian,128759,636,11635,6,70.0,True
885,Richard Williams,81116,535,31574,39,45.0,False
886,John Tate,141863,510,27234,11,55.0,False
887,Adriana Smith,146869,445,20043,28,55.0,False
888,Kevin Cannon,139540,478,15348,16,55.0,False
889,Gina Spencer,84921,568,7631,1,40.0,False
890,Breanna Pena,100545,767,16738,23,90.0,True
891,Mary Pugh,127978,421,10465,8,55.0,False
892,Cheryl Gray,126289,550,4027,39,60.0,True
893,Sarah Phillips,101582,586,9287,32,75.0,True
894,Stacey Clark,134840,471,34332,24,50.0,False
895,Maria Hicks,109069,629,47693,23,60.0,True
896,Karen Sosa,147677,337,14579,14,60.0,True
897,Jodi Young,58906,686,38445,10,60.0,True
898,Jacqueline Pierce,93993,755,35001,22,80.0,True
899,Andrew Hunt,58760,742,27801,23,70.0,True
900,Emily Reyes,65774,377,24533,5,35.0,False
901,Jonathan Payne,87125,400,8771,4,40.0,False
902,Joshua Cook,93654,495,47244,38,40.0,False
903,Dr. Nicole Singh DVM,33804,713,27591,37,50.0,False
904,Alexandra Valdez,80968,532,48404,13,40.0,False
905,Jose Hartman,74057,648,6627,20,65.0,True
906,Jessica Mcmahon,117670,330,25556,8,50.0,False
907,Bethany Harding,119016,647,15777,26,70.0,True
908,Paul Farmer,134614,332,10118,9,55.0,False
909,Wendy Carroll,82994,700,5175,34,80.0,True
910,John Murphy,124919,395,12234,6,55.0,False
911,Cassandra Serrano,51632,371,26289,18,35.0,False
912,Eddie Warren,140166,311,12260,20,60.0,True
913,Jennifer Moore,91261,370,26493,13,45.0,False
914,Daniel Reynolds,46728,617,39501,12,40.0,False
915,Melinda Hill,111560,552,35462,21,50.0,False
916,Sherry Stevens,100008,655,46895,19,60.0,True
917,Rodney Horn,33534,768,26209,11,60.0,True
918,Anna Hale,148872,580,42162,34,65.0,True
919,Thomas Wolfe,81645,424,25165,4,35.0,False
920,Kathy Chan,107580,512,34165,2,40.0,False
921,Benjamin Neal,103975,499,26996,2,40.0,False
922,Brian Stark,116900,796,31235,4,75.0,True
923,Matthew Reeves,33552,465,12179,1,15.0,False
924,Cassandra Martinez,41003,579,11059,28,30.0,False
925,Daniel Johnson,114246,835,43009,6,85.0,True
926,Eric Williams,86179,555,25552,15,45.0,False
927,Alan Johnson,47786,525,7330,10,35.0,False
928,Amanda Hunt,143619,512,36501,25,50.0,False
929,Barbara Lewis,90515,711,43860,20,65.0,True
930,Daniel Robinson,53819,344,5412,13,45.0,False
931,Randall Porter,36590,475,17511,6,20.0,False
932,Vicki Horton,64099,625,44671,30,50.0,False
933,Alan Barr,79689,815,39500,0,65.0,True
934,Luis Mosley,72906,549,41616,5,30.0,False
935,James Phillips,57742,338,16601,38,40.0,False
936,Jill Wiley MD,89598,833,28190,18,85.0,True
937,Crystal Quinn,72840,355,44581,15,35.0,False
938,Melissa Walker,74236,752,42273,0,55.0,False
939,John Mckay,129775,428,7013,11,60.0,True
940,Sandra Frederick,145296,778,21412,10,90.0,True
941,Danielle Thompson,79692,759,42654,12,75.0,True
942,Richard Miller,66471,782,29926,27,70.0,True
943,Nancy Wolf,128567,737,6454,19,85.0,True
944,Brittany Barber,139041,764,19561,24,90.0,True
945,Karen Cook,85255,304,1841,32,55.0,False
946,Jacqueline Sullivan,63065,693,33083,19,60.0,True
947,Leah Ortiz,139433,466,13728,27,60.0,True
948,Patricia Walton,40735,677,46642,3,40.0,False
949,Tammy Fitzgerald,91644,670,42350,1,50.0,False
950,Maria Green,32540,560,17214,38,25.0,False
951,Mary Martin,128176,707,47272,37,75.0,True
952,Angela Kent,100702,558,46340,19,45.0,False
953,Kim Tanner,36826,411,42692,36,25.0,False
954,Haley Thomas,75870,615,1420,10,70.0,True
955,April Jones,59389,741,12182,11,80.0,True
956,Michael Gonzalez,115215,761,38164,13,85.0,True
957,Anthony White,38993,718,29883,40,50.0,False
958,Ashley Fields,132397,583,5211,21,75.0,True
959,David Washington,115426,342,7346,13,60.0,True
960,Adrienne Morrison,35276,645,40608,27,40.0,False
961,Michael Cooper,128858,708,25801,39,80.0,True
962,Henry Rivera,34067,442,2682,38,40.0,False
963,Joseph Tapia,62411,786,34745,26,70.0,True
964,April Little,56130,346,49222,20,35.0,False
965,Cynthia Washington,139999,402,49121,24,50.0,False
966,Cory Thomas,32671,608,45109,35,40.0,False
967,Mrs. Stephanie Friedman,111439,549,14870,10,55.0,False
968,Mary Davis,49973,464,22397,24,25.0,False
969,Connie Scott,61266,439,36031,40,35.0,False
970,Ann Holt,46544,366,43204,21,25.0,False
971,Mitchell Fitzgerald,92070,747,16293,14,85.0,True
972,Earl Rodriguez,117747,418,38541,23,50.0,False
973,Erik James,44993,494,26437,27,25.0,False
974,Jacob Shelton,103920,527,7985,25,60.0,True
975,Samuel Stewart,58569,766,10661,38,80.0,True
976,Paul Sweeney,90952,426,18920,36,50.0,False
977,Ronald Simpson,121680,456,47973,13,50.0,False
978,Taylor Walker,63586,701,20601,10,65.0,True
979,Kimberly Rogers DDS,130518,373,35592,18,50.0,False
980,Thomas Haynes,78351,355,47503,19,40.0,False
981,Christopher Taylor,51992,514,15295,12,40.0,False
982,Alexa Barber,109415,685,28991,10,75.0,True
983,Anne Mccann,109593,827,43604,21,90.0,True
984,Tracy Sims,128032,546,26994,31,55.0,False
985,Kyle Thompson,124156,774,43618,24,85.0,True
986,Matthew Richardson,45012,821,15741,1,55.0,False
987,Victoria Mendoza,131946,795,43244,27,85.0,True
988,Calvin Nguyen,137387,320,26807,35,55.0,False
989,Rachel Moreno,51465,427,14596,7,35.0,False
990,Kyle White,70768,340,9442,36,45.0,False
991,Christopher Hart,44168,605,24826,34,40.0,False
992,William Barrett,105849,831,20228,34,95.0,True
993,Kenneth Neal,33365,514,46084,6,20.0,False
994,Amanda Johnson,70888,520,9795,38,45.0,False
995,Leslie Ramirez,105470,566,26020,10,55.0,False
996,Bradley King,118781,848,14353,4,85.0,True
997,Debra Schultz,149016,823,40645,10,90.0,True
998,Christian Riddle,79192,379,18702,7,45.0,False
999,Melinda Russell,81990,641,18907,9,60.0,True
1000,Courtney Smith,123718,687,7881,7,80.0,True
1001,Nicholas Parker,55995,588,37145,17,50.0,False
1002,Stephanie Jackson,39961,712,32251,37,50.0,False
1003,Adam Palmer,107607,687,38195,17,75.0,True
1004,Nicholas Villegas,120520,768,12999,28,90.0,True
1005,Dr. Kathryn Hill,138864,612,42656,5,60.0,True
1006,Jennifer Edwards,112213,395,11820,36,55.0,False
1007,Patrick Spencer,61830,734,45370,32,60.0,True
1008,Breanna Jimenez,43356,307,47803,27,25.0,False
1009,Nicole Sanchez,121382,836,15750,11,95.0,True
1010,Ryan Palmer,131250,682,8420,21,85.0,True
1011,Danielle Ryan,69529,571,14963,0,30.0,False
1012,Laura Robinson,141449,336,31346,39,55.0,False
1013,Amy Smith,119687,409,1337,22,60.0,True
1014,Charlotte Gomez,108697,841,34706,9,85.0,True
1015,Thomas Smith,135582,683,20613,23,80.0,True
1016,Clarence Cain,45866,465,10166,22,35.0,False
1017,Abigail Stephenson,134363,341,9760,25,60.0,True
1018,Gary Johnson,104177,572,8785,26,60.0,True
1019,Jon Maldonado Jr.,132581,434,8191,6,55.0,False
1020,Beth Cooper,35383,650,29158,38,40.0,False
1021,Jessica Roberts,75508,553,41475,9,35.0,False
1022,Chelsea Campbell,99827,739,14003,30,75.0,True
1023,Rhonda Haynes,86148,452,16032,7,45.0,False
1024,Andrew Mooney,116706,504,6959,3,50.0,False
1025,Joseph Graves,78571,790,5020,32,90.0,True
1026,Anthony Rodriguez,39038,728,17185,20,50.0,False
1027,Catherine Smith,96317,586,40749,6,50.0,False
1028,David Henry,114874,313,45758,35,50.0,False
1029,Bianca Ward,74725,841,40630,23,75.0,True
1030,Donald Silva,31658,342,39440,12,25.0,False
1031,Jeremy Garcia,141355,506,35967,9,45.0,False
1032,Corey Pierce,85057,655,24986,28,60.0,True
1033,Autumn Graham,137784,322,11940,38,60.0,True
1034,Walter Roberts,94251,707,33442,34,70.0,True
1035,Valerie Martin,43833,710,40794,17,50.0,False
1036,Aaron Armstrong,86822,837,17962,19,90.0,True
1037,Elizabeth Adams,77472,543,20126,2,35.0,False
1038,Teresa Ramirez,113307,352,43101,15,50.0,False
1039,Christine Wilson DDS,146860,570,48322,8,45.0,False
1040,Logan Nguyen,138620,524,48872,17,50.0,False
1041,Wesley Medina,90258,563,42040,40,40.0,False
1042,Christine Ramos,122708,704,11200,28,85.0,True
1043,Nicholas Richardson,50052,770,13125,11,75.0,True
1044,John Blair,87080,481,26834,38,45.0,False
1045,Charles Simmons,53086,402,48468,33,35.0,False
1046,Paul Smith,126180,313,43236,2,40.0,False
1047,Randy Adams,98386,646,47363,5,50.0,False
1048,John Hart,115256,639,32385,9,60.0,True
1049,Joshua Adams,65400,603,7721,32,60.0,True
1050,Jennifer Smith,110728,694,10658,22,85.0,True
1051,Courtney Koch,135932,803,12112,7,95.0,True
1052,Tyler Campbell,100539,386,3840,38,60.0,True
1053,Jeffrey Rogers,131533,608,41944,18,65.0,True
1054,Brian Hendricks,93372,302,10741,9,45.0,False
1055,James Griffith,90931,737,48625,17,65.0,True
1056,Frank Anderson,87091,734,32541,26,70.0,True
1057,Mallory Taylor,138230,809,36307,34,90.0,True
1058,Joshua Hall Jr.,125817,389,16413,23,55.0,False
1059,Xavier Smith,107656,361,23894,23,55.0,False
1060,Sharon Fuentes,65179,731,16892,13,65.0,True
1061,Amy Taylor,72245,734,25358,3,55.0,False
1062,Mary Jones,141635,444,6176,15,60.0,True
1063,Keith Cervantes,62177,443,35566,19,35.0,False
1064,Nathan Wallace,138885,332,40595,11,50.0,False
1065,Alexandra Wall,41359,813,21056,14,65.0,True
1066,Christopher Dudley,66559,516,27240,39,35.0,False
1067,James Carson,145557,620,43775,25,65.0,True
1068,Carmen Pratt,89087,406,6099,23,55.0,False
1069,Sarah Johnson,61963,366,14887,38,45.0,False
1070,Theodore Lopez,128366,546,18640,5,50.0,False
1071,Krystal Elliott,90910,395,21224,0,35.0,False
1072,Dr. Tina Porter,104691,432,47049,6,40.0,False
1073,Steven Gordon,109997,691,32257,37,75.0,True
1074,Amanda Martin,117580,537,15132,9,50.0,False
1075,Candace Stuart,79674,647,20060,23,60.0,True
1076,Teresa Williams,74092,456,38152,40,35.0,False
1077,Anne Smith PhD,33761,810,7167,29,75.0,True
1078,Timothy Martin,94789,391,5661,11,55.0,False
1079,Julia Andersen,141536,443,9124,36,60.0,True
1080,Jack Mitchell MD,72600,621,25489,5,50.0,False
1081,Katie Baker,53834,550,46858,35,35.0,False
1082,Samuel Roberts,93904,374,15617,24,50.0,False
1083,Maureen Bailey,57802,411,6624,11,45.0,False
1084,Sylvia Nielsen,76507,366,21793,21,45.0,False
1085,Katelyn Park DDS,134573,459,31799,9,50.0,False
1086,Erica Johnson,63862,740,32025,13,70.0,True
1087,Sean Cisneros,74608,385,10288,4,35.0,False
1088,Brad Russo,66655,519,44885,16,35.0,False
1089,Anthony Jacobson,145385,468,14015,22,60.0,True
1090,Karen Nichols,108139,698,1650,35,85.0,True
1091,Linda Miller,121905,624,1929,9,70.0,True
1092,Taylor Porter,145357,569,35124,0,40.0,False
1093,Terri Mathews DDS,66211,730,46642,34,60.0,True
1094,Lindsay Robinson,102848,314,25265,23,55.0,False
1095,Steven Shaw,31330,723,27895,22,50.0,False
1096,Joshua Mills,97715,769,29074,23,80.0,True
1097,Kurt Daniels,55042,590,47012,39,50.0,False
1098,Susan Garcia,41221,316,41387,26,25.0,False
1099,Paul Hanson,61635,333,44759,18,35.0,False
1100,Christy Frank,124381,427,23977,29,55.0,False
1101,Robert Padilla,83271,529,34263,18,40.0,False
1102,Matthew Parker,94038,724,3141,0,65.0,True
1103,Richard Randall,102768,740,16848,35,90.0,True
1104,Cheryl Newman,129374,431,42698,24,50.0,False
1105,Carrie Strong,61499,429,34046,7,30.0,False
1106,Rachel Cameron,120519,630,14353,5,65.0,True
1107,Jeffrey Fuller,92402,380,38473,24,40.0,False
1108,Nicholas Lucero,114659,604,13702,34,70.0,True
1109,Molly Roman,123302,581,6437,9,70.0,True
1110,Margaret Riley,94332,409,10295,18,50.0,False
1111,Christopher Jones,88743,700,7597,31,80.0,True
1112,Jennifer Tucker,133931,621,42520,28,65.0,True
1113,Keith Obrien,32260,795,41239,38,60.0,True
1114,Brooke Harmon,42196,323,34947,32,25.0,False
1115,Cindy Diaz,68566,525,6468,8,45.0,False
1116,John Ashley,59045,778,49837,31,70.0,True
1117,Travis Nielsen,83005,702,7743,37,80.0,True
1118,Laurie Martin,120673,756,28770,38,90.0,True
1119,Rose Dean,61890,661,25507,40,50.0,False
1120,Joanna Preston,70135,843,24085,25,80.0,True
1121,Christopher Morris,117026,520,44054,23,50.0,False
1122,Richard Martinez,106225,518,31498,36,50.0,False
1123,Stephanie Hoffman,78368,839,15251,6,85.0,True
1124,Michelle Shah,92031,745,21826,20,85.0,True
1125,Anthony Snyder,102544,763,12215,38,90.0,True
1126,James Ray,99588,304,31262,18,45.0,False
1127,Walter Johnson,75056,781,7233,26,90.0,True
1128,Denise Molina,85771,805,41129,3,70.0,True
1129,Michael Gibson,127771,329,15681,3,45.0,False
1130,Brenda Holder,102140,495,48455,23,45.0,False
1131,Amy Ware,73357,376,18283,21,45.0,False
1132,Rebecca Gray,76112,422,9276,20,50.0,False
1133,Nicole Barron,122124,834,35576,15,90.0,True
1134,Mary Bray,89473,531,7016,16,55.0,False
1135,Michelle Gomez,65509,510,46545,4,25.0,False
1136,Johnny Lewis,70189,492,32958,6,30.0,False
1137,Robert Gill,62951,764,43945,9,65.0,True
1138,Ashley Anderson,60217,825,14305,25,85.0,True
1139,Donald Martin,45814,404,10652,29,35.0,False
1140,Natasha Allen,124540,787,44377,33,85.0,True
1141,Derek Mcintosh,55242,706,33911,27,60.0,True
1142,Amy Nelson,71359,498,20267,12,40.0,False
1143,Kirk Moreno,45670,351,43358,15,25.0,False
1144,Colleen Brown,127370,844,7621,17,100.0,True
1145,Manuel Baldwin,100236,574,33451,13,50.0,False
1146,Dalton Walsh,129901,489,33980,39,50.0,False
1147,Eric Knox,120461,371,11921,11,60.0,True
1148,Jesse Rivers,54267,481,18290,4,30.0,False
1149,Philip Smith,55105,301,33001,15,35.0,False
1150,Andrew Smith,58361,815,11964,9,80.0,True
1151,Ariel Lara,126810,563,44477,31,50.0,False
1152,Jimmy Carey,93464,795,8389,17,90.0,True
1153,Monica Smith,66241,665,33625,1,35.0,False
1154,Patrick Mcpherson,124972,498,25758,40,55.0,False
1155,Donald Sims,107278,479,18387,22,55.0,False
1156,Jeanne Butler,129641,832,46995,21,90.0,True
1157,Barbara Pope,98765,810,45926,9,75.0,True
1158,Chris Levy,108222,366,20315,0,40.0,False
1159,Daniel Petersen,67093,740,24085,0,60.0,True
1160,Chad Koch,43176,446,49041,12,25.0,False
1161,Thomas Carter,139134,695,28693,25,80.0,True
1162,Annette Green,55443,746,45493,20,70.0,True
1163,Brenda Saunders,68829,504,20730,19,40.0,False
1164,Keith Fuller,59816,747,7294,8,75.0,True
1165,Melissa Gordon,77301,777,28558,26,80.0,True
1166,Thomas Johnson,53519,609,16902,37,55.0,False
1167,Bethany Daniels,69618,428,27407,0,25.0,False
1168,Phillip Holmes,31854,641,39950,6,35.0,False
1169,Krystal Vaughn,122801,354,46978,13,50.0,False
1170,Kristina Coffey,100010,458,20719,40,55.0,False
1171,William Smith,46591,417,5400,0,20.0,False
1172,Spencer Meyer,65954,325,34148,28,35.0,False
1173,Timothy Evans,35965,566,41157,28,25.0,False
1174,Lisa Reynolds,37146,474,34522,34,25.0,False
1175,John Roberts,102529,700,26285,6,70.0,True
1176,Robert Hernandez,68290,698,1722,37,75.0,True
1177,Matthew Barry,121411,442,31664,29,50.0,False
1178,William Howard,46551,837,26599,32,65.0,True
1179,Matthew Bell,113606,585,44151,19,65.0,True
1180,Andrea Franco,143830,484,38751,32,50.0,False
1181,Kelly Anderson,128669,656,39305,39,65.0,True
1182,Andrea Johnson,94340,408,33730,30,45.0,False
1183,David Ingram,43446,478,48720,24,25.0,False
1184,Jennifer Brown,144389,752,25531,38,90.0,True
1185,Alyssa Thompson,31607,504,13826,16,25.0,False
1186,Michael Perez DDS,105243,388,39149,1,35.0,False
1187,Mary Harris,67268,717,38243,34,60.0,True
1188,Gina Fleming,91524,785,33823,22,80.0,True
1189,Steven Castaneda,92746,372,38299,5,35.0,False
1190,Joseph Garcia,87733,638,2477,14,70.0,True
1191,Donna Clayton,74657,461,19878,4,30.0,False
1192,Dana Holmes,54164,413,39192,30,35.0,False
1193,Victoria Delgado,36734,642,4892,8,45.0,False
1194,Robert Rivera,63092,336,23665,4,30.0,False
1195,Linda Salazar,142947,577,48404,2,40.0,False
1196,Jonathan Perez,92616,533,2405,3,45.0,False
1197,Richard Gonzalez,44953,793,4417,24,75.0,True
1198,Melissa Jordan,137756,748,8732,39,95.0,True
1199,Mrs. Cheryl Kim,38564,310,15884,26,25.0,False
1200,Stacy Mcguire,82521,358,6020,3,45.0,False
1201,Christopher Williams,94454,599,9501,38,65.0,True
1202,Matthew Douglas,39710,806,47219,22,65.0,True
1203,Shannon Wallace,105631,599,43837,15,60.0,True
1204,Debra Wolfe,112502,797,19335,5,85.0,True
1205,Chad Daugherty,119974,515,9044,23,60.0,True
1206,Rachel Johnson,37026,764,8486,1,55.0,False
1207,Mr. Donald Cruz PhD,49887,807,2235,24,80.0,True
1208,Andrew Harris,49555,353,44280,19,25.0,False
1209,Phillip Pineda,136318,521,2792,21,60.0,True
1210,Lisa Glenn,103772,594,36046,29,65.0,True
1211,Nathan Mack,69824,778,49865,15,70.0,True
1212,Adrian Marsh,41164,602,23120,36,40.0,False
1213,Luis Ward,62530,427,21112,36,40.0,False
1214,Sara Abbott,45525,309,31568,2,15.0,False
1215,Karen Richard,103147,381,19117,39,55.0,False
1216,Tiffany Alexander,130197,565,33435,8,45.0,False
1217,Christopher Pitts,84548,488,45855,32,40.0,False
1218,Lauren Williams,109471,565,17871,1,40.0,False
1219,Shannon Gomez,108135,379,34222,28,50.0,False
1220,Billy Harris,133643,373,43066,27,50.0,False
1221,Briana Nguyen,111057,683,31846,18,75.0,True
1222,Caitlin Williams,59581,516,21519,32,40.0,False
1223,Natalie Logan,131671,333,44061,9,45.0,False
1224,Zachary Miller,98494,728,36321,7,65.0,True
1225,Kelsey Williams,79856,751,21770,17,80.0,True
1226,Kenneth Bartlett,89049,536,30872,20,45.0,False
1227,Shirley Cox,149079,670,43816,30,75.0,True
1228,Joann Barnes,88028,717,45178,37,65.0,True
1229,Lisa Flynn,68974,718,28592,32,60.0,True
1230,Ms. Mackenzie Barton,142743,423,28435,16,55.0,False
1231,Michelle Harrison,107139,324,46222,10,45.0,False
1232,Brandi Camacho DVM,86207,547,47660,18,40.0,False
1233,Steven Villanueva,70026,759,27796,40,75.0,True
1234,Ruben Roberts,104531,821,6491,9,95.0,True
1235,Linda Wood,111399,480,34336,37,50.0,False
1236,Raymond Hall,37894,830,35419,37,65.0,True
1237,Tanya Mitchell,109905,446,3748,13,60.0,True
1238,Donald Hobbs,127004,469,8769,18,60.0,True
1239,Jeffrey Mcclure,43006,408,16183,17,30.0,False
1240,Daniel Roberson,129973,340,36378,34,50.0,False
1241,Adriana Wall,57235,736,48978,28,60.0,True
1242,Sandra Phillips,111987,755,29328,31,85.0,True
1243,Sean Kaiser,57659,376,22437,10,40.0,False
1244,Desiree Mccoy,64687,743,7582,33,80.0,True
1245,Ryan Guerrero,116563,440,39426,24,50.0,False
1246,Connie Gonzalez,40641,808,19520,8,60.0,True
1247,Shawn Tapia,50585,802,37551,39,75.0,True
1248,Christopher Barnes,61439,540,42793,22,35.0,False
1249,Mr. Christopher Evans,52782,801,42289,25,75.0,True
1250,Kimberly Phillips,102350,594,28498,28,65.0,True
1251,Matthew Wilson,39838,655,46676,25,40.0,False
1252,Patricia Webb,50517,329,20066,17,40.0,False
1253,Stacy Patton,30350,625,27950,25,40.0,False
1254,Jessica Green,83545,647,42698,2,45.0,False
1255,Jason Armstrong,89048,412,41193,39,40.0,False
1256,Larry Smith,120357,661,37234,4,55.0,False
1257,Kelly Cox,107832,705,48043,14,70.0,True
1258,Christopher Brooks,91592,313,3364,1,40.0,False
1259,Kelsey Mason,68175,608,2588,14,65.0,True
1260,Melissa Johnson,34278,434,49531,17,25.0,False
1261,Angela Wagner,60340,455,7262,37,45.0,False
1262,Cheyenne Obrien,67762,824,49724,1,60.0,True
1263,Jimmy Garcia,122662,395,15565,26,55.0,False
1264,Karen Velez,67056,808,48681,25,75.0,True
1265,Pamela Klein,122141,706,16211,28,80.0,True
1266,Justin Day,142670,397,37758,10,50.0,False
1267,Tom Watkins,89510,835,48384,36,80.0,True
1268,Amy Snyder,39329,454,3392,20,40.0,False
1269,Linda Savage,120096,800,36755,31,90.0,True
1270,Matthew Morris,60595,407,28898,4,25.0,False
1271,Peter Martin,64675,339,28799,31,35.0,False
1272,Robert Freeman,133262,420,29539,18,55.0,False
1273,Shirley Nelson,133710,469,10274,18,60.0,True
1274,Christine Mendez,111927,783,31335,13,85.0,True
1275,Tammy Cortez,107304,785,1643,20,95.0,True
1276,Chris Jones,116662,396,36240,29,50.0,False
1277,Antonio Harrison,135369,531,23607,40,55.0,False
1278,Corey Mitchell,55928,676,41927,25,60.0,True
1279,Kristina May,85723,405,48884,13,40.0,False
1280,Dennis Garcia,45043,583,49317,39,40.0,False
1281,Kara Jackson,101376,450,10393,10,55.0,False
1282,Aaron Miller,59466,735,44571,30,60.0,True
1283,Jonathan Wilson,114886,785,24264,19,90.0,True
1284,Emily Miller,49528,584,47618,9,35.0,False
1285,Kristina Henry,149067,745,43735,22,85.0,True
1286,Sean Wyatt,64816,495,26064,23,35.0,False
1287,Joseph Smith,138348,559,33951,0,40.0,False
1288,Amanda Hill,48643,580,41977,3,30.0,False
1289,Samantha Roy,39359,802,12388,30,70.0,True
1290,Maria Gardner,37816,481,9627,5,25.0,False
1291,Ryan Brown,51747,584,13725,39,55.0,False
1292,Faith Powers,133891,675,34838,0,60.0,True
1293,Jennifer Monroe,70319,451,48772,17,35.0,False
1294,Jeremy Hill,107993,477,42635,0,35.0,False
1295,Justin Wilson,128167,774,6777,7,90.0,True
1296,Catherine Miller,138034,473,1684,13,60.0,True
1297,Julia Wiley,104607,495,49982,8,40.0,False
1298,James Mitchell,67828,723,15808,12,70.0,True
1299,Curtis Krause,87560,394,33105,22,45.0,False
1300,Hannah May,46299,337,39353,24,25.0,False
1301,Keith Chaney,91433,512,23425,32,45.0,False
1302,Natalie Adams,120266,567,3060,7,55.0,False
1303,Lynn Alvarez,69857,686,44142,37,60.0,True
1304,Erica Garcia,121715,462,28617,30,55.0,False
1305,Elizabeth Owens,82757,767,39900,36,75.0,True
1306,Monica Wells,65683,645,32624,25,50.0,False
1307,Wesley Rich,95597,710,39867,1,50.0,False
1308,Christopher Turner,100776,433,44477,21,45.0,False
1309,Amy Davis,94722,705,11835,29,75.0,True
1310,Charles Andrade,87377,541,14324,27,50.0,False
1311,David Cohen,40543,652,7547,30,50.0,False
1312,Jennifer Lewis,108385,548,7279,24,60.0,True
1313,Phillip Anderson,35224,703,36003,4,40.0,False
1314,Michael Cordova,146578,540,25191,23,55.0,False
1315,Rodney Bishop,86626,441,33764,12,45.0,False
1316,Eric Davis,126276,454,19675,19,55.0,False
1317,Roberto Johnson,72247,829,7975,29,85.0,True
1318,Hannah Oconnor,109129,464,21907,8,50.0,False
1319,Janet Gibson,62816,732,4572,19,75.0,True
1320,Patrick Wilson,33390,643,36063,23,40.0,False
1321,Christopher Coleman,41970,453,1455,21,40.0,False
1322,Michelle Scott,60005,588,3611,7,60.0,True
1323,Julia Williams,118381,603,2542,34,75.0,True
1324,Edward Butler,139570,414,24412,2,45.0,False
1325,Jennifer Thompson,142789,741,19002,22,90.0,True
1326,Melissa Sanchez,105392,681,3509,9,80.0,True
1327,Misty Burnett,106955,645,42729,19,65.0,True
1328,Alex Clements,32719,743,8630,12,65.0,True
1329,Whitney Gilbert,130238,683,38574,30,75.0,True
1330,Timothy Hill,118117,346,40624,25,50.0,False
1331,Megan Nelson,137665,432,19007,17,55.0,False
1332,Richard Reid,65325,526,5176,39,50.0,False
1333,Michael Wilcox,105529,698,32169,35,75.0,True
1334,Gilbert Reed,35273,515,35880,10,25.0,False
1335,Dawn Johnson,130022,385,14602,33,55.0,False
1336,Edgar Stewart,129125,470,41911,22,50.0,False
1337,Jennifer Hubbard,52962,540,25594,34,35.0,False
1338,Lawrence Atkinson,91669,596,12706,10,65.0,True
1339,Victoria Werner,98021,728,40272,17,65.0,True
1340,Jack Garcia,115394,701,15752,25,80.0,True
1341,John Mckenzie MD,87963,845,22892,29,85.0,True
1342,Melinda Garcia,66458,493,42708,1,20.0,False
1343,Brenda Harvey,53788,323,22300,39,35.0,False
1344,Keith Kennedy,106720,823,13650,10,95.0,True
1345,Nathan Allen,87132,630,9693,18,65.0,True
1346,Andre Lane,113202,547,12591,29,55.0,False
1347,Ashley Munoz,136724,550,31291,4,45.0,False
1348,Andrew Rhodes,94451,727,18041,34,75.0,True
1349,Ricardo Holland,41959,599,27109,2,30.0,False
1350,Mitchell Hunt,91605,406,10567,16,50.0,False
1351,Lauren Moody,75607,647,10302,15,65.0,True
1352,Christine Davis,83523,550,18039,21,50.0,False
1353,Jeremy Cobb,73687,443,10700,33,45.0,False
1354,Daniel Wood,72081,462,38200,40,35.0,False
1355,Micheal Nunez,117835,431,10602,38,60.0,True
1356,James Walsh,43710,451,39288,0,10.0,False
1357,Nathan Mcgee,142424,652,43195,9,60.0,True
1358,Kathryn Mills,51079,473,35421,30,35.0,False
1359,Steven Smith,73228,529,10836,17,45.0,False
1360,Monica Wilson,83955,312,49906,33,40.0,False
1361,Natalie Cox,120921,819,5403,17,100.0,True
1362,Kimberly Figueroa,94942,835,17251,15,90.0,True
1363,Patrick Norris,67777,767,12628,2,70.0,True
1364,Deborah Ramirez,116846,365,9686,33,60.0,True
1365,Daniel Sanchez,82488,352,21896,40,45.0,False
1366,John Ramos,136635,520,40209,31,50.0,False
1367,Adam Jordan,129680,767,1032,16,95.0,True
1368,Lindsay Vasquez,102102,826,19596,19,95.0,True
1369,Joseph Peterson,34809,486,32954,0,10.0,False
1370,William Ruiz,89614,742,45104,19,75.0,True
1371,Scott Peterson,41542,537,14973,19,30.0,False
1372,Erica Moreno,71224,458,22218,10,40.0,False
1373,James Jackson,63082,633,34847,30,50.0,False
1374,Rachel Chan,72372,783,20897,23,75.0,True
1375,Gene Gomez,45194,702,28336,0,35.0,False
1376,Jennifer Schmitt,131259,767,18970,1,75.0,True
1377,Christina Bates,82976,324,22092,27,45.0,False
1378,Erika Castro,143365,815,29842,17,95.0,True
1379,David Nguyen,97449,781,4014,24,90.0,True
1380,Susan Tucker,138124,684,4887,6,80.0,True
1381,Grant Medina,30150,783,9800,4,55.0,False
1382,Reginald Gutierrez,116200,606,38623,12,65.0,True
1383,Jessica Murphy,143949,322,10205,4,50.0,False
1384,Melissa Stevenson,101118,519,13067,20,55.0,False
1385,Joel Cook,90552,443,8811,26,55.0,False
1386,Robert Yates,84165,747,3102,32,90.0,True
1387,Erin Ryan,37104,377,38047,5,20.0,False
1388,Phyllis Schmidt,54586,374,45823,27,35.0,False
1389,Julie Preston,97952,486,43456,36,40.0,False
1390,Joseph Schwartz,77419,600,1416,39,70.0,True
1391,Alicia Perez,111609,634,35889,29,65.0,True
1392,Christina Underwood,129148,456,13376,9,50.0,False
1393,Christopher Johnson,95338,370,22460,20,50.0,False
1394,William Hall,111973,440,29812,7,45.0,False
1395,Jaime Wallace,87939,749,27160,12,80.0,True
1396,James Olsen,129613,828,8975,10,100.0,True
1397,Barbara Burns,36764,725,13516,13,55.0,False
1398,Dr. Heather Scott,56680,730,27234,6,55.0,False
1399,Tracy Copeland,65003,534,46954,5,30.0,False
1400,Rhonda Liu,101987,346,10223,15,55.0,False
1401,Adam Stone,47172,339,5009,38,35.0,False
1402,Sharon Guerrero,67752,729,12299,11,70.0,True
1403,Traci Harmon,87424,412,11641,1,35.0,False
1404,Mr. Mario Stout III,145454,639,2867,30,75.0,True
1405,Shane Mcintyre,121521,473,11365,6,55.0,False
1406,Steven Davis,93532,725,36174,28,70.0,True
1407,Larry Walsh,45915,431,22160,34,25.0,False
1408,Louis Moran,33783,500,9246,14,30.0,False
1409,Renee Thomas,112578,589,41305,6,60.0,True
1410,David Blair,109806,832,34875,36,90.0,True
1411,Debra Lam MD,134767,335,26233,40,55.0,False
1412,Craig White,61365,543,11609,25,45.0,False
1413,Kenneth Webb,123032,715,30629,13,80.0,True
1414,Dennis Gonzales,50758,645,23102,11,50.0,False
1415,Mary Barnett,70730,364,24948,27,40.0,False
1416,Traci Martinez,102199,423,37075,18,50.0,False
1417,Gregory Chavez,31792,707,34482,12,50.0,False
1418,Michael Parsons,102384,838,40382,9,85.0,True
1419,Kerry Williams,83476,470,25541,10,45.0,False
1420,Christopher Walters,42217,455,36443,39,25.0,False
1421,Dale Williams,59451,731,32230,29,60.0,True
1422,Nathan Evans,140284,513,49068,39,50.0,False
1423,Andrea Fischer,149659,464,16890,25,55.0,False
1424,Maria Myers,44871,372,15831,17,30.0,False
1425,James Barber,90482,582,22461,0,50.0,False
1426,Kelly Warren,45396,605,9183,34,50.0,False
1427,Jordan Jones,114896,690,17741,7,75.0,True
1428,Jessica Jackson,139070,835,7753,5,95.0,True
1429,Miss Linda Cox DVM,50181,731,4712,40,75.0,True
1430,Randy Kirby,95323,636,28501,16,60.0,True
1431,Mrs. Ashley Shaffer,123926,744,44622,17,85.0,True
1432,Richard Erickson,68254,343,40430,6,30.0,False
1433,Rebecca Finley,96698,669,39018,38,55.0,False
1434,James Garner,122459,771,38574,33,85.0,True
1435,James Trujillo,65838,521,38154,11,35.0,False
1436,Tracy Garcia,84459,559,24500,22,45.0,False
1437,Vincent Hill,139408,464,14721,35,55.0,False
1438,Kimberly Morris,93242,811,6824,21,95.0,True
1439,Joshua Trujillo,91894,403,48313,5,35.0,False
1440,Emily Crawford,61946,571,47359,31,35.0,False
1441,Robert Huang,89871,414,13438,37,50.0,False
1442,Jonathan May,102255,482,27081,39,50.0,False
1443,Christina Davis,48958,648,35919,22,40.0,False
1444,Thomas Garcia,80277,631,15734,28,65.0,True
1445,Danielle Moore,54983,524,17079,14,40.0,False
1446,Robert Thomas,108561,794,29767,26,85.0,True
1447,Yvette Lee,96616,709,42107,36,65.0,True
1448,Veronica Francis,127818,741,25263,23,90.0,True
1449,Taylor Flores,145255,629,47034,15,65.0,True
1450,Lauren Davis,47892,533,48192,22,25.0,False
1451,Maria Spencer,143249,354,31162,39,55.0,False
1452,Kevin Brown,39150,358,23780,30,25.0,False
1453,Brittany Fleming,66208,328,47767,38,35.0,False
1454,Michael Bender DVM,131276,611,22661,14,70.0,True
1455,Sherri Shah,133547,622,1444,39,75.0,True
1456,Paul Matthews,141989,465,49008,12,50.0,False
1457,Kyle Blake,84387,806,48753,7,75.0,True
1458,Brandon Powell,74548,785,10077,21,80.0,True
1459,Eric Thompson,133247,392,13095,16,60.0,True
1460,Darrell Duke,96550,836,17893,1,75.0,True
1461,Amy Hawkins,65018,841,1824,0,75.0,True
1462,Eric Marsh,137551,493,42712,39,50.0,False
1463,Mr. William Davis DDS,30336,481,29881,11,25.0,False
1464,Robin Wallace,67072,619,20099,6,50.0,False
1465,Christopher Stone,125164,645,30797,35,70.0,True
1466,Rachel Raymond,69132,545,33162,12,35.0,False
1467,Amanda Brown,139769,401,35068,5,45.0,False
1468,Erica Rose,106931,589,21992,8,65.0,True
1469,Craig Raymond,106011,384,33143,1,35.0,False
1470,Frank Webb MD,116499,356,35573,2,40.0,False
1471,Brandon Mcclain,94178,349,36015,1,30.0,False
1472,Eric Lopez,143411,820,35339,11,95.0,True
1473,Melanie Williams,49476,490,15520,20,30.0,False
1474,Dalton Clark,88529,419,20034,0,35.0,False
1475,Mary Herman,100592,533,25365,25,50.0,False
1476,Charles Sanchez,93483,617,14426,17,65.0,True
1477,Adam Colon,75236,799,17608,38,85.0,True
1478,Michael Williams,73573,372,42785,7,30.0,False
1479,Steven Freeman,102340,562,45623,25,45.0,False
1480,Dustin Foley,129991,704,14246,5,75.0,True
1481,Kathleen Martinez,101228,534,3492,24,60.0,True
1482,Phillip Drake,79441,748,49388,9,70.0,True
1483,Randy Bates,89682,625,3867,36,70.0,True
1484,Christian Villarreal,72176,773,14149,3,70.0,True
1485,Christian Carter,143980,643,44123,28,65.0,True
1486,Jeremiah Bridges,54727,625,4716,7,60.0,True
1487,Jennifer Ferguson,121422,679,3518,9,80.0,True
1488,Melinda Smith,61300,422,15714,40,40.0,False
1489,Joshua Smith,104946,589,45932,39,60.0,True
1490,Thomas Young,80196,765,32400,9,70.0,True
1491,Shawn Walker,60613,697,17856,10,65.0,True
1492,Alex Trujillo,142199,532,27360,8,50.0,False
1493,Heather Mcmahon,131652,763,30090,24,90.0,True
1494,George Ortega,83841,551,15218,12,50.0,False
1495,Tiffany Daniel,35720,718,25563,19,50.0,False
1496,Charles Rodriguez,71704,352,14068,13,45.0,False
1497,Steve Keller,127609,324,46479,13,50.0,False
1498,Michael Nelson,91993,502,10875,26,50.0,False
1499,David Rodgers,122435,336,45314,6,45.0,False
1500,Angelica Smith,149725,665,14304,9,70.0,True
1501,Elizabeth Jones,136352,786,23191,11,90.0,True
1502,Brian Hoffman,79968,845,41520,26,80.0,True
1503,Juan Harrison,80604,416,44507,9,35.0,False
1504,Anne Williams,116991,474,2307,37,60.0,True
1505,Sabrina Galvan,133860,803,45024,36,90.0,True
1506,Gerald Miller,137577,607,45392,25,65.0,True
1507,Ashley Donovan,115461,385,24246,38,55.0,False
1508,Mrs. Lisa Garza,49936,496,34647,17,25.0,False
1509,Dr. Allison Flores,94923,613,18243,28,65.0,True
1510,Gail Nelson DVM,34852,332,9562,39,30.0,False
1511,Kenneth Turner,46547,336,46566,17,25.0,False
1512,Gabriela Pratt,95836,435,23691,16,50.0,False
1513,Katherine Adams,107356,626,34344,7,60.0,True
1514,Carl Gill,73515,366,11092,36,45.0,False
1515,Peggy Shields,143993,372,11239,37,60.0,True
1516,Shelby Murray,43154,424,4680,8,30.0,False
1517,Paul Miller,144581,743,45931,14,85.0,True
1518,Mitchell Hughes,140761,807,40679,11,90.0,True
1519,Nicholas Vargas,87711,381,12524,12,50.0,False
1520,Shawn Johnston,43069,377,13333,11,30.0,False
1521,Nicole Perez,98937,603,40423,26,55.0,False
1522,Donna Simmons,149333,307,43915,16,50.0,False
1523,Christopher Brown,89890,740,6239,28,90.0,True
1524,Patrick Davis,32011,568,48654,20,25.0,False
1525,Patrick Castillo,124692,620,36777,12,65.0,True
1526,Christopher Vazquez,48894,632,27426,29,40.0,False
1527,Julie Hernandez,83736,442,21756,24,45.0,False
1528,Lynn Ross MD,144154,488,15220,6,50.0,False
1529,John Nelson,115823,462,20891,35,55.0,False
1530,Colton Lawson,50232,799,44633,3,60.0,True
1531,Brian Benton,39807,540,34997,31,25.0,False
1532,Christopher Mccoy,91537,842,19474,21,90.0,True
1533,Renee Shields,132436,364,2160,28,60.0,True
1534,David Blackburn,64737,787,19384,35,75.0,True
1535,Riley Hale,74375,534,47406,37,35.0,False
1536,Robin Wright,111691,823,7264,24,100.0,True
1537,Loretta Miller,120794,368,30457,24,50.0,False
1538,Raven Hill,82098,360,32047,15,45.0,False
1539,Aaron Kelly,115175,627,32765,20,65.0,True
1540,Kimberly Holloway,40527,602,49065,3,30.0,False
1541,Chloe Lindsey,141642,733,46917,0,60.0,True
1542,Dan Phillips,73065,380,25158,29,40.0,False
1543,Wendy Griffin,141718,621,8061,17,75.0,True
1544,Craig Obrien,118389,630,2111,7,70.0,True
1545,Gabriel Woods,142635,684,37053,1,60.0,True
1546,Maria Foster,99942,589,22234,36,65.0,True
1547,Michelle Crawford,79808,467,47783,15,40.0,False
1548,Isaac Kelly,71505,804,27251,34,80.0,True
1549,Jason Clarke,112155,512,30392,10,50.0,False
1550,Thomas Green,124203,324,4439,14,60.0,True
1551,Andrew Blake,146318,627,22164,24,70.0,True
1552,Meagan Smith,129536,369,3629,12,60.0,True
1553,Christine Aguilar,93956,676,34367,10,70.0,True
1554,Christian Smith,144344,823,26455,10,95.0,True
1555,Nicole Scott,100912,702,8809,18,85.0,True
1556,Jeremy Faulkner,34705,342,26392,6,20.0,False
1557,Shelly Gonzalez,110931,610,24654,29,70.0,True
1558,Mark Knight,38968,617,1810,13,55.0,False
1559,Shannon Clark,60771,700,40440,10,60.0,True
1560,Karen Carlson,112727,300,3044,39,60.0,True
1561,Adam Hill,119705,463,7372,3,50.0,False
1562,Matthew Maddox,67667,322,20494,2,30.0,False
1563,Elizabeth Baker,59817,331,32228,11,35.0,False
1564,Brandon Young,127880,791,5147,9,90.0,True
1565,James Bennett,41846,722,12470,0,40.0,False
1566,Diana Campbell,86881,324,44990,17,40.0,False
1567,Chelsea Norris,42903,745,37630,31,60.0,True
1568,Michelle Newton,129663,767,31964,34,90.0,True
1569,Matthew Watson,113066,655,27673,11,70.0,True
1570,Jacqueline Lucero,122260,717,24614,27,80.0,True
1571,David Taylor,144370,468,3802,21,60.0,True
1572,Shannon Weber,43173,442,14488,25,30.0,False
1573,Jason Rodriguez,88153,560,37074,10,40.0,False
1574,Melinda French,51805,704,35283,25,60.0,True
1575,Gregory Russell,120964,459,46478,12,50.0,False
1576,Stephanie Costa,69251,613,16848,25,60.0,True
1577,Daniel Little,148413,602,8934,13,75.0,True
1578,Ricardo Jones,33794,732,24430,25,50.0,False
1579,Kyle Cooper,36028,789,42629,39,60.0,True
1580,Meghan Rowland,72516,561,46916,30,35.0,False
1581,Janet Ryan,134352,802,2790,24,100.0,True
1582,John Bullock,37355,384,17081,40,25.0,False
1583,Jordan Curry,68452,335,22159,19,40.0,False
1584,Michele Hayes,76984,328,34180,28,40.0,False
1585,Christopher Hill,79131,349,17593,37,50.0,False
1586,Jose Thompson,86450,340,20024,38,50.0,False
1587,Brian Moore,49080,305,26382,11,25.0,False
1588,Amanda White,62007,805,15990,28,80.0,True
1589,Carlos Irwin,99621,321,47426,33,40.0,False
1590,Isabella Stephens,84008,746,37522,27,75.0,True
1591,Brandon Rich,104177,549,10012,7,55.0,False
1592,Brandon Lopez,119364,682,37527,16,75.0,True
1593,Wesley Douglas,133877,537,14267,9,50.0,False
1594,Paul Myers,53600,415,35377,17,35.0,False
1595,Alexa Beard,52280,791,14995,12,75.0,True
1596,Karen Lewis,52946,372,10575,8,40.0,False
1597,Brianna Hodges,40350,468,17191,40,25.0,False
1598,Sara Ward,109887,361,29303,2,40.0,False
1599,Phyllis Johnson,144142,430,32415,39,55.0,False
1600,Katrina Russell,80140,594,33580,4,45.0,False
1601,Andre Jones,111226,340,25216,17,55.0,False
1602,John Roman,119539,634,21194,30,70.0,True
1603,Jasmin Pitts,61566,801,23440,34,80.0,True
1604,Lynn King,95230,825,15931,20,90.0,True
1605,Erika Allen,149646,496,22954,33,55.0,False
1606,Diana Harper,106435,442,46110,18,45.0,False
1607,Michael Marquez,48758,832,12364,7,65.0,True
1608,Sherri Little,60433,645,12998,31,60.0,True
1609,Judy Peterson,90443,427,25678,35,45.0,False
1610,Mrs. Chelsea Villa,113611,583,34496,36,65.0,True
1611,Derek Jarvis,63289,747,26354,20,70.0,True
1612,Christopher Ward,90236,410,36945,34,40.0,False
1613,Richard Frost,63466,361,1645,7,45.0,False
1614,Marcus Ramirez,117404,573,37216,22,50.0,False
1615,Brittany Spencer,31231,692,14313,34,50.0,False
1616,Tiffany Davis,147821,397,17134,26,55.0,False
1617,Joe Martin,135464,303,16648,19,55.0,False
1618,Scott Atkinson,90981,383,27773,28,45.0,False
1619,Patrick Cruz,148123,510,45126,31,50.0,False
1620,Shaun Peterson,67700,752,40751,13,70.0,True
1621,Michael Burke,118815,512,15282,20,55.0,False
1622,Donald Espinoza,101643,780,2590,36,95.0,True
1623,Michael Chavez,50706,690,2343,31,75.0,True
1624,Jeremy Coleman,39681,575,25025,16,25.0,False
1625,Christopher Nash,87898,690,24892,3,60.0,True
1626,Ann Moon,75293,556,6194,33,55.0,False
1627,Jody Carter,107014,534,27834,19,50.0,False
1628,Austin Wiggins,69210,595,36909,30,50.0,False
1629,Stephanie Young,113746,368,7652,17,60.0,True
1630,Philip Cummings,85615,551,1573,20,55.0,False
1631,Pamela Palmer,120480,703,9844,10,85.0,True
1632,Christopher Anderson,62780,773,17108,29,75.0,True
1633,Brian Wright,89878,300,19822,29,50.0,False
1634,Katherine Webster,140795,832,24195,38,95.0,True
1635,Sara Sullivan,69599,470,33974,31,35.0,False
1636,Andrew Jones,56111,722,26072,24,60.0,True
1637,Alexander Freeman,80422,760,39694,8,70.0,True
1638,Elizabeth Sanchez,141848,798,27164,29,90.0,True
1639,Jacqueline Harris,93335,551,10537,40,50.0,False
1640,Elizabeth Brown,43979,379,40206,18,25.0,False
1641,Jose Woods,61091,498,21338,32,40.0,False
1642,Willie Thomas,79986,523,42331,33,40.0,False
1643,Jerry Cook,104963,591,25115,3,60.0,True
1644,Laurie Stephenson,77049,337,44667,35,40.0,False
1645,Lacey Jones,105341,750,48936,40,80.0,True
1646,Charles Herman,68780,525,3745,2,40.0,False
1647,Troy Lee,121655,455,28978,35,55.0,False
1648,Wanda Clark,68696,794,5331,14,85.0,True
1649,William Buckley,32875,650,41422,23,40.0,False
1650,Tina Scott,138794,839,11197,37,100.0,True
1651,Diana Wheeler,116275,744,32679,17,85.0,True
1652,Jordan Porter,81879,607,17884,6,60.0,True
1653,Kristen Richard,65976,456,7461,34,45.0,False
1654,Jennifer Ross,31061,466,41832,30,25.0,False
1655,Mary Hampton,104177,457,28146,30,50.0,False
1656,Felicia Wood,143386,705,39562,13,75.0,True
1657,Samuel Mitchell,119889,634,39892,24,65.0,True
1658,Ashlee Miller,132014,394,46703,9,45.0,False
1659,April Thompson MD,127605,389,3649,10,60.0,True
1660,Erin Williams,36428,474,26615,31,25.0,False
1661,Kevin Gilbert,149356,366,31299,38,55.0,False
1662,Brooke Parsons,109482,332,26781,21,55.0,False
1663,Melissa Patrick,127671,600,43827,25,65.0,True
1664,Timothy Bauer,95107,546,31230,9,40.0,False
1665,Brittany Bolton,139161,589,22805,20,70.0,True
1666,Michelle Graham,148509,609,47472,13,65.0,True
1667,Mary Diaz,148349,350,3056,16,60.0,True
1668,Robert Ford,67512,760,9709,20,80.0,True
1669,Michelle Barrett,131677,468,17423,26,55.0,False
1670,Shawn Cook,134708,584,14255,11,70.0,True
1671,Randy Welch,60162,645,1179,6,60.0,True
1672,Dr. Jonathan Clark,109569,580,35791,25,65.0,True
1673,Wendy Salazar,135110,340,30815,37,55.0,False
1674,Kimberly Campos,76179,364,32097,26,40.0,False
1675,Suzanne Lynch,58705,528,30443,16,35.0,False
1676,Matthew Williams,113442,560,26874,16,55.0,False
1677,Daryl Walker,54920,740,4130,4,75.0,True
1678,Denise Olsen,111381,352,33547,37,50.0,False
1679,Matthew Roberts,62850,636,12615,34,60.0,True
1680,Alexis Jordan,118835,321,7518,8,55.0,False
1681,Monique Jackson,129035,465,28947,13,55.0,False
1682,Heather Hubbard,124493,370,5995,9,55.0,False
1683,Sarah Smith,130593,576,12729,7,55.0,False
1684,Gail Mason,116400,584,6457,22,75.0,True
1685,Heather Hughes,119241,318,41654,5,45.0,False
1686,Carla Peterson DDS,139882,659,2952,21,75.0,True
1687,Rebecca Reynolds,47927,795,39427,4,50.0,False
1688,Natasha Davenport,112345,696,22116,23,80.0,True
1689,Andrew Chavez,42735,646,28232,0,25.0,False
1690,Shannon Miller,148410,439,32026,31,55.0,False
1691,Kristen Juarez,112242,551,21451,34,55.0,False
1692,Elaine Trevino,114717,564,25876,9,50.0,False
1693,Samuel Zavala,35167,607,27664,1,25.0,False
1694,Dustin Lopez,70492,402,24758,7,35.0,False
1695,Dennis Cook,133364,380,16172,3,45.0,False
1696,Ryan Pierce,87779,604,37199,19,55.0,False
1697,Jamie Galvan,34373,395,44115,21,25.0,False
1698,Leah Rodriguez,105965,715,36518,6,70.0,True
1699,Kevin Hoffman,77823,489,43499,36,40.0,False
1700,Ashley Burnett,125991,473,49356,32,50.0,False
1701,Jason Maldonado,47224,804,36885,15,65.0,True
1702,Daniel Estrada,41813,652,9926,25,50.0,False
1703,Jennifer Lane,149226,730,17711,38,80.0,True
1704,Dr. Jared Lee III,68680,422,44976,15,35.0,False
1705,Andrew Bolton,72823,436,15295,17,45.0,False
1706,Laura Pearson,127973,409,23371,13,55.0,False
1707,Charles Wong,84460,687,44222,33,65.0,True
1708,Jill Harris,53021,492,44637,15,35.0,False
1709,Travis Kim III,56318,361,31064,33,35.0,False
1710,Jason Keith,47322,736,1902,30,65.0,True
1711,Kendra Willis,133089,760,14167,17,90.0,True
1712,Tracey Nelson,100701,317,16363,31,55.0,False
1713,William Arnold,144879,679,35211,16,80.0,True
1714,Denise Barrett,77953,364,38169,6,35.0,False
1715,Douglas Pacheco,99579,841,1220,9,90.0,True
1716,Erin Norris,95771,792,13675,11,85.0,True
1717,Eric Duran,149732,504,42212,25,50.0,False
1718,Toni Cunningham,65720,500,17048,20,40.0,False
1719,George Ruiz,138851,533,29234,35,55.0,False
1720,Billy Cunningham,51567,344,14432,29,40.0,False
1721,Zachary Jones,63681,519,15317,23,45.0,False
1722,David Hull,149806,760,14702,5,90.0,True
1723,David Wilson,138093,546,3894,30,60.0,True
1724,Kimberly Sandoval,93156,721,22675,6,70.0,True
1725,Kevin Buckley,135708,665,30645,35,70.0,True
1726,Alyssa Davis,68684,460,16349,2,35.0,False
1727,Christina Clark,127853,760,15786,39,90.0,True
1728,Bruce Barr,144084,606,46007,27,65.0,True
1729,Arthur Santana,74396,683,3302,34,75.0,True
1730,Ryan Fisher,135412,457,28200,6,50.0,False
1731,Michael Martin,45095,845,44287,36,65.0,True
1732,Jerry Jackson,91385,519,49065,1,25.0,False
1733,Edward Barton,39869,418,46515,8,20.0,False
1734,Crystal Graves,48449,438,4462,33,40.0,False
1735,Shawn Lindsey,128848,375,16826,34,55.0,False
1736,Gina Medina,59571,439,12685,2,35.0,False
1737,Samuel Harris,142740,830,10687,39,100.0,True
1738,Javier Schultz,118647,468,45652,17,50.0,False
1739,Gail Johnson MD,124924,331,6481,20,60.0,True
1740,Patrick Walsh,118395,400,29768,34,50.0,False
1741,Amy Mccoy,82089,620,25841,7,55.0,False
1742,Kathy Roberts,140853,451,40344,36,50.0,False
1743,Donna Boyd,135458,813,41740,2,80.0,True
1744,John Hunter,103048,302,44387,16,45.0,False
1745,Jamie Fields,77942,842,10827,25,90.0,True
1746,Bryce Gutierrez,41836,678,44340,3,40.0,False
1747,Roberto Glover,133636,340,41961,30,50.0,False
1748,Daniel Ortiz,81717,838,13108,8,85.0,True
1749,Derek Williams,31824,427,37424,33,25.0,False
1750,Deborah Quinn,64663,810,17319,33,80.0,True
1751,Nathan Lopez,100329,367,10273,25,55.0,False
1752,Elizabeth Jackson,46199,321,16906,26,30.0,False
1753,Bianca Bowen,89609,557,6384,29,55.0,False
1754,Samantha Carter,78311,597,3773,11,70.0,True
1755,Daryl Lowe,118188,600,13561,1,55.0,False
1756,Julie Parker,128174,843,34109,1,75.0,True
1757,Monica Richardson,118125,639,48546,8,55.0,False
1758,Ronald Brown,64362,598,16651,13,55.0,False
1759,Christine Hubbard,106619,563,39477,20,50.0,False
1760,Barbara Chandler,79941,396,47616,38,40.0,False
1761,John Johns,137795,546,39883,5,45.0,False
1762,Christina Robinson,113695,340,27650,2,45.0,False
1763,Tina Hull,78689,698,7246,29,80.0,True
1764,Shannon Maxwell,44201,327,2926,37,40.0,False
1765,Richard Rodriguez,118452,313,17016,24,55.0,False
1766,Mark Jimenez,60647,725,1201,39,75.0,True
1767,Jenna Lynch,91797,378,21396,38,50.0,False
1768,Bryce Fox,33280,531,16161,25,25.0,False
1769,Grace Johnson,111205,499,12180,10,55.0,False
1770,Jerry Rogers,145898,337,46574,18,50.0,False
1771,Joshua Shepard,103584,645,16574,31,70.0,True
1772,Jessica Burch,72992,431,28952,1,25.0,False
1773,Terri Golden,149964,699,27072,38,80.0,True
1774,Seth Johnson,109964,628,49834,13,60.0,True
1775,Christopher Robinson,59015,821,37063,11,75.0,True
1776,Brian Sims,114889,446,41709,13,50.0,False
1777,Dr. Donna Mccarty,38285,305,35590,28,25.0,False
1778,Grace Young,113283,539,43279,23,50.0,False
1779,Becky Garcia,137984,348,34252,23,55.0,False
1780,Lauren Brown MD,90852,763,17727,37,85.0,True
1781,Jennifer Harper,149195,684,44042,18,75.0,True
1782,Maria Malone,121891,602,10514,34,75.0,True
1783,Lauren Walsh,69608,405,20294,1,25.0,False
1784,Stacy Hudson,115097,410,13121,14,55.0,False
1785,Charles Costa,83516,717,41777,1,50.0,False
1786,Kara Sanders MD,45292,752,12397,13,65.0,True
1787,Tommy Ramsey,48320,670,43610,15,50.0,False
1788,Kelly Sandoval,35943,303,23589,26,25.0,False
1789,Autumn Thomas,34877,450,27622,37,25.0,False
1790,Kimberly Thomas,69893,691,38546,24,60.0,True
1791,Mark Mclean,94569,736,7439,9,75.0,True
1792,Renee Edwards,45220,557,13585,17,30.0,False
1793,Chase Matthews,42739,341,2930,10,40.0,False
1794,Danny Smith,60775,364,4614,7,45.0,False
1795,Pamela Gordon,146294,326,4140,4,50.0,False
1796,Anthony Wong,100457,629,4560,29,75.0,True
1797,Christopher Soto,47781,753,43078,26,60.0,True
1798,Amber Richardson,80940,751,30012,38,80.0,True
1799,Christopher Klein,89459,721,45000,8,60.0,True
1800,Haley Peters,78629,693,4125,10,80.0,True
1801,Tara Jones,117881,846,18222,4,85.0,True
1802,Christina Chavez,127404,666,47852,10,65.0,True
1803,Thomas Morales,121289,775,1697,13,95.0,True
1804,Stephanie Martin,100804,688,8380,14,85.0,True
1805,Cynthia Palmer,84935,653,25640,7,55.0,False
1806,Jermaine Vance,106983,350,48578,10,45.0,False
1807,Erica Thomas,127290,396,29256,17,55.0,False
1808,Sandra Ross,125236,825,12161,11,100.0,True
1809,Roy Fowler,50253,849,12953,6,75.0,True
1810,Debbie Arias,146052,648,49139,31,65.0,True
1811,Melissa Kim,84379,548,8535,32,50.0,False
1812,Michael Flores,115841,323,33297,37,50.0,False
1813,Mallory Powell,42978,712,33536,15,50.0,False
1814,Kelly Aguirre,139273,447,6528,10,60.0,True
1815,Mark Murphy,94139,674,1972,21,80.0,True
1816,Jillian Garcia,110694,374,35264,11,50.0,False
1817,Kenneth Murphy,83492,847,45686,17,80.0,True
1818,Marcus Weaver,66666,638,3222,38,65.0,True
1819,Crystal Wilkinson,34288,819,20127,8,60.0,True
1820,Larry Mathis,120476,762,42029,34,85.0,True
1821,Tonya Potter,78566,665,12733,15,65.0,True
1822,Jennifer Myers,58477,491,2718,39,50.0,False
1823,James Miller,88115,806,41005,34,80.0,True
1824,Joshua Vincent MD,88287,432,21979,33,50.0,False
1825,Kathleen Brady,60947,708,43175,11,60.0,True
1826,Rebecca Wood,142125,699,25965,39,80.0,True
1827,Jesus Johnson,77537,480,49920,21,40.0,False
1828,Debra White,43022,500,10198,22,35.0,False
1829,Lisa Lopez,119873,845,49454,36,85.0,True
1830,Rachel Greer,78147,405,23294,25,45.0,False
1831,Bobby Becker,101364,794,12658,21,90.0,True
1832,Wayne Jackson,148187,651,35717,38,70.0,True
1833,Jacqueline Walker,114518,674,2681,31,85.0,True
1834,Tina Herring,77012,799,45571,18,75.0,True
1835,Courtney Lee,37936,376,8418,30,35.0,False
1836,Carmen Gonzalez,82184,338,6636,23,55.0,False
1837,Gabriel Murphy,66160,519,28491,30,35.0,False
1838,Jillian Stewart,54878,411,19578,5,35.0,False
1839,Hector Bryant,46011,361,40653,8,20.0,False
1840,Adriana Ward,141153,656,27358,10,70.0,True
1841,Taylor Grant,138028,818,28231,28,95.0,True
1842,Diana Huffman,89600,822,23104,17,85.0,True
1843,Gina Chapman,42015,594,12650,32,45.0,False
1844,Tyler Lozano,116870,326,9921,0,45.0,False
1845,Amanda Solis,57801,537,5767,15,50.0,False
1846,Shawn Ware,114109,370,14654,0,40.0,False
1847,John Boyd,113819,402,19606,19,55.0,False
1848,Joseph Jensen,108269,447,33740,14,50.0,False
1849,Steven Mccormick,32799,306,9502,23,30.0,False
1850,Victoria Padilla,36629,838,15315,11,65.0,True
1851,Rhonda Rodriguez,133126,429,14119,38,55.0,False
1852,Ryan Smith,73713,686,49384,0,45.0,False
1853,Kelly Perry,61925,774,23610,1,60.0,True
1854,Pamela Powell,46505,658,32462,29,40.0,False
1855,Paul Cox,133150,458,38435,2,40.0,False
1856,Luke Dixon,104000,546,48812,6,40.0,False
1857,Joshua White,56896,479,5149,29,50.0,False
1858,Christina Cobb,38992,490,2918,20,40.0,False
1859,Christopher Moses,138765,475,7606,27,60.0,True
1860,Mary Richards,130290,447,16496,10,55.0,False
1861,Jack Brandt,102641,615,18483,26,70.0,True
1862,Nathaniel Ford,57152,596,17196,1,40.0,False
1863,Debbie King,106858,484,30283,38,50.0,False
1864,Shannon Gonzales,58305,371,11622,3,35.0,False
1865,Melvin Carlson,136568,802,47394,20,90.0,True
1866,Trevor Bautista,143992,400,9828,23,60.0,True
1867,Richard Roy,60539,345,18387,35,40.0,False
1868,Robert Parks MD,73064,681,44735,32,60.0,True
1869,David Nichols,131498,506,2136,17,60.0,True
1870,Cynthia Hughes,49340,628,8174,29,50.0,False
1871,Russell Martin,133369,395,2496,9,55.0,False
1872,Carol Mcintosh,148034,610,14031,30,75.0,True
1873,Sean Dixon,108116,725,31808,5,70.0,True
1874,Kevin Davis,30371,455,8573,13,30.0,False
1875,Sean Bradshaw,66342,354,8547,38,45.0,False
1876,Megan Wilson,142513,485,3742,7,55.0,False
1877,Amanda Taylor,48964,748,17297,12,65.0,True
1878,Nicole Lewis,47038,689,23106,13,50.0,False
1879,Mary Gibson,100807,453,19484,11,55.0,False
1880,Duane Clarke,62853,645,1572,36,65.0,True
1881,Vicki Hernandez,134662,498,46916,23,50.0,False
1882,Hannah James PhD,52871,653,9401,37,60.0,True
1883,Alan Davis DVM,44408,667,37024,20,40.0,False
1884,Jasmine Farmer,116646,565,5911,9,55.0,False
1885,William Conrad,143567,790,16126,35,90.0,True
1886,Antonio George Jr.,33379,322,28023,14,25.0,False
1887,Scott Schmidt,47275,307,15538,18,30.0,False
1888,Anthony Smith,31947,808,37990,40,65.0,True
1889,Jay Buchanan,76955,680,19680,27,70.0,True
1890,Theresa King,133544,772,29454,0,75.0,True
1891,Justin Hammond,133341,535,7578,28,60.0,True
1892,Phillip Davis,61186,313,34872,6,30.0,False
1893,Meagan West,107182,410,23460,3,45.0,False
1894,Craig Williams,72437,773,47702,14,70.0,True
1895,Wayne Hess,32068,582,33245,19,40.0,False
1896,James Wilson,52838,745,12909,22,80.0,True
1897,Kelsey Kelly,64782,808,2945,13,90.0,True
1898,Aaron Gonzalez,36868,750,17660,27,60.0,True
1899,Jessica Hernandez,46614,546,10058,30,35.0,False
1900,Anthony Adams,127218,638,42080,37,65.0,True
1901,Barry Wilson,85176,427,17535,2,40.0,False
1902,Matthew Richards,98955,303,21646,15,50.0,False
1903,Michelle Stewart,44896,813,3483,37,80.0,True
1904,Ronald Underwood,127735,804,42869,14,90.0,True
1905,Christina Garza,38330,599,7688,26,50.0,False
1906,Tina Hernandez,92422,796,32450,36,80.0,True
1907,David Thompson,88756,827,44891,37,80.0,True
1908,Lauren Barr,131976,570,11822,27,60.0,True
1909,Anthony Murray,77453,356,11378,1,35.0,False
1910,Mary Green,97271,825,40024,32,80.0,True
1911,Penny West,107812,755,2468,34,95.0,True
1912,Laurie Roberts,44293,708,18041,19,50.0,False
1913,Caitlyn Martinez,89245,750,34216,23,80.0,True
1914,Adam Thompson,96039,785,21984,30,85.0,True
1915,Sandra White,59038,606,40038,25,50.0,False
1916,Matthew Miller,110623,576,11836,38,55.0,False
1917,Kristin Wagner,35683,788,44554,40,60.0,True
1918,Andrew Gomez,125321,733,8372,22,85.0,True
1919,Johnny Arnold,132659,529,22843,24,55.0,False
1920,Richard Stevens,149111,731,47006,40,75.0,True
1921,Leonard Reyes,143636,739,2679,17,85.0,True
1922,Erik Brown,116363,695,10328,10,85.0,True
1923,Mrs. Olivia Petersen,98347,428,1022,32,55.0,False
1924,Toni Osborne,69535,813,15939,39,85.0,True
1925,Jeffrey Mercer,90036,755,40448,36,75.0,True
1926,Alex Whitaker,114323,554,24445,38,55.0,False
1927,Carla Hoover,34082,538,14981,30,25.0,False
1928,Stephanie Peterson,37972,628,37457,32,40.0,False
1929,Gary Greer,92781,609,33479,9,55.0,False
1930,Luis Patterson,141057,580,2851,36,75.0,True
1931,Ryan Harrison,82640,828,9308,16,90.0,True
1932,Laura Payne,85872,710,31259,35,70.0,True
1933,Devon Ramos,119928,531,22394,39,55.0,False
1934,Jay Alvarado,44150,705,46644,39,50.0,False
1935,Emily Hunter,94260,635,23300,37,65.0,True
1936,Erik Keller,123375,359,46052,30,50.0,False
1937,Danielle Mcfarland DVM,149236,380,28687,3,45.0,False
1938,Kyle Mullins,88138,554,27921,8,40.0,False
1939,Kerry Murphy,39632,325,39936,36,25.0,False
1940,Chad Moreno,147868,685,25578,17,80.0,True
1941,Natalie Hawkins,40589,351,22422,27,25.0,False
1942,Adrian Gibbs,72219,801,30038,21,75.0,True
1943,Alyssa Hayes,109730,496,34188,38,50.0,False
1944,Carlos Vincent,49442,690,9572,40,60.0,True
1945,Jason Haynes,38609,655,16001,3,30.0,False
1946,Timothy Coleman,46540,601,12864,28,45.0,False
1947,Stanley Benson,66046,623,41191,4,40.0,False
1948,Brian Thompson,111830,557,35957,33,50.0,False
1949,Wendy Smith,112978,705,32535,31,75.0,True
1950,Bethany Baxter MD,106724,579,30236,8,45.0,False
1951,Jennifer Baker MD,101874,468,4504,13,60.0,True
1952,Crystal Wolf,123343,654,46641,37,65.0,True
1953,Sharon Patel,72622,677,18349,32,65.0,True
1954,Carl Powers,79925,559,24725,17,45.0,False
1955,Michael Patterson,108301,778,23186,9,85.0,True
1956,Sarah Jones,99541,758,19708,34,85.0,True
1957,Nancy Rowland,68652,511,16918,18,45.0,False
1958,Meghan Jackson,89469,688,45897,10,65.0,True
1959,Stephanie Gomez,96263,696,17183,2,65.0,True
1960,Miguel Lee,109354,632,48132,34,60.0,True
1961,Brianna Hanson,86387,612,1774,2,60.0,True
1962,Sharon French,42999,751,32075,32,60.0,True
1963,Taylor Kirby,133952,560,17671,23,55.0,False
1964,Jeffrey Petersen,121983,670,46117,4,65.0,True
1965,Manuel Cole,44996,546,43182,38,25.0,False
1966,Joshua Horne,141777,735,39425,33,75.0,True
1967,Brittney Tanner,115814,792,38930,8,80.0,True
1968,Ashley Franco,115316,337,6868,38,60.0,True
1969,Tracey Page,145042,508,37486,14,50.0,False
1970,Carla Young,130789,811,2971,25,100.0,True
1971,Brooke Keith,102264,827,4235,36,100.0,True
1972,Christy Thomas,124481,535,12516,0,40.0,False
1973,Michael Cruz,143441,330,34287,40,55.0,False
1974,Shawna Gillespie,58183,311,36896,5,30.0,False
1975,Chelsey Reyes,86370,596,21927,15,60.0,True
1976,Angela Dixon,89186,441,13778,20,50.0,False
1977,Sean Chapman,146403,768,27494,11,90.0,True
1978,Robert Ramirez,59949,688,29674,4,50.0,False
1979,Steven Price,84239,702,25311,19,70.0,True
1980,Michelle Padilla,74424,757,36497,20,70.0,True
1981,Lucas Nielsen,138451,342,35261,39,50.0,False
1982,Raymond Wolf,89441,601,37304,9,50.0,False
1983,Nicholas Cunningham,82262,315,35600,14,40.0,False
1984,Kristin Meyer,84524,374,24860,1,30.0,False
1985,Kevin White,125631,765,25710,1,75.0,True
1986,Cynthia Johnson,42463,765,42357,33,60.0,True
1987,Sandra Lopez,70966,305,38462,23,35.0,False
1988,Teresa Bowers,85936,420,31183,31,45.0,False
1989,Michael Lambert,70963,489,5890,6,45.0,False
1990,Rebecca Newman,117177,712,10028,27,85.0,True
1991,Christopher Morrison,63408,376,30443,3,25.0,False
1992,Sierra Gentry,79060,572,9643,6,45.0,False
1993,Hannah Carter,50006,626,29515,32,50.0,False
1994,Ryan Thomas,120023,318,49124,3,35.0,False
1995,James Schaefer,92163,770,12251,13,85.0,True
1996,Diana Lin,38799,635,48259,17,40.0,False
1997,Brandon Meyer,41957,763,16752,5,60.0,True
1998,Jason Price,139022,360,24031,35,55.0,False
1999,Nicole Brown,41188,482,31397,6,20.0,False
